762254
563238
468246
89402
167079
250968
707675
337100
277668
219681
992153
835948
97658
600312
704701
239894
260519
385750
843211
188462
631758
4533
965440
216377
177879
99646
377321
174031
196810
911735
814639
754511
928239
988999
113477
935993
2171
854953
179967
203831
828644
434640
752776
229192
839373
74603
971580
813514
378316
431150
287329
656809
481707
874918
969858
444797
530255
507342
880404
491267
152059
224822
571650
121746
153212
319034
968936
684847
96007
827852
375876
725801
244045
499425
404973
230576
985312
393390
118385
537789
725332
76687
33245
288753
305448
709810
307792
218965
302695
749599
941714
529743
902318
506044
641732
886098
615122
731903
29992
792796
919270
313472
124002
225171
769685
322867
56905
980849
185183
728958
298071
259339
336967
625165
751744
670826
294029
254505
986516
587297
41231
179299
91943
895037
806344
605064
786831
184043
905438
977380
604048
775611
571265
722052
44172
116683
180811
172383
973026
360480
652924
646900
577511
101294
641295
977761
199444
215692
424904
907517
788839
289245
880568
907209
403740
236030
59590
368298
594806
117129
907262
198004
126056
363220
897565
960417
550609
549636
251576
426908
954836
632551
599809
927977
163286
209595
410023
741063
413493
867313
78987
259857
467117
780166
147908
694930
492906
506747
582590
992317
834988
639901
867623
13392
760277
725483
634429
435989
460739
390408
835960
94616
829601
624909
164968
874683
906481
777042
774224
152354
610168
208016
513474
813466
909146
5590
615309
9683
734707
19994
809279
827127
173500
560226
826221
198762
248719
967458
514384
575912
776587
26301
245404
118296
763482
592165
145165
500515
425685
899995
815066
552885
835628
794322
344182
550260
451420
403751
40652
471270
976545
475498
258622
358801
572313
412323
415265
284525
690026
547245
304216
600814
134841
63047
95045
406228
721513
939066
849455
398715
314716
937134
586606
75813
476903
896996
719078
657720
675555
555549
89531
733462
37900
327675
793672
152739
954609
6600
524710
758896
487391
685402
298348
931991
360254
243191
438118
61841
95017
242751
813816
503775
10320
452884
130212
711449
997202
124029
996715
120485
617591
75481
430266
916995
552921
634604
742065
525610
516506
224970
238044
626327
452558
213989
732177
936988
339246
781638
874137
900486
301582
743561
124846
115746
974829
13641
700648
622638
383299
521242
14196
500633
25723
365317
786190
703062
394183
225936
789180
308694
845977
824927
231932
706372
837361
368252
345958
285899
330521
340552
770472
423076
376644
554359
585153
323359
92920
40295
42868
755149
170340
601456
326422
577512
481439
116735
615598
380858
405864
260218
698945
875060
210199
353034
814261
625829
592257
458160
592046
626436
559686
952692
894871
104690
929716
479710
735782
739001
924894
839893
244940
565898
637908
440947
789088
351607
501875
254002
721128
554545
898887
502089
983979
88637
844736
275754
587571
416465
649217
291891
196641
416028
441330
486313
653276
808110
265218
208672
225058
288204
465590
430152
416006
931058
249380
197413
13781
308607
962879
674962
38788
981398
590572
236299
193344
402163
584972
124530
455846
874927
768649
161071
979901
444914
130066
273844
355388
169034
903763
759539
133203
588767
391411
114648
395202
827979
576750
914939
967357
747759
540741
795462
285709
452305
25622
959309
962105
231967
744377
391833
22358
913933
17263
263621
547884
635904
714953
88349
89597
904708
538015
741112
483931
651838
143474
334123
205489
707568
408192
376483
98605
792484
775463
27118
75075
666497
531972
786616
918133
304725
159378
380206
815185
429789
117166
854126
504524
888456
895610
766303
83603
400542
567790
892827
78741
799217
229202
565795
770122
259457
413838
928434
982076
706005
847857
747238
6359
219560
887479
44612
811551
429508
26444
901548
28132
267994
846021
311412
14511
357756
253875
486497
650501
456640
539408
633468
308672
337264
977035
231597
780831
588420
856672
532689
695425
74408
966809
298287
413574
495452
21276
505387
449440
882984
145953
857719
707242
335820
316571
125051
617132
322683
930880
414274
539368
459225
51926
475156
555226
296532
725224
360954
815590
32448
959180
369802
906672
751810
206341
999051
941733
298269
141444
838818
312022
750358
143633
409715
685629
776406
741336
512909
22074
931034
431075
427564
201617
510649
530634
488475
313704
119765
907888
844146
128222
808508
14095
811845
130734
869612
771203
966817
702001
756952
74617
348982
705332
791712
193824
362554
583666
969662
48728
501215
35055
975025
288055
256062
607006
650138
265720
664459
405187
168437
123623
268259
23260
293673
156269
805347
362421
67780
660406
118514
318094
842598
582284
760482
435218
251981
376083
327720
958931
370058
543394
42626
990308
990672
595998
612743
217274
201459
443263
147220
320047
502684
733903
532959
801209
624259
966238
745699
449073
296134
373862
692289
628056
936505
867388
581641
847645
7428
471794
75199
846075
865164
648559
86429
832220
541955
327350
873648
407502
503526
992559
823033
274449
625201
886807
276421
424411
107807
485231
590481
45951
796970
939956
795635
83459
979670
240821
28145
925908
577787
5929
294363
138657
752404
466284
682686
356748
520373
927643
387304
101439
767467
501067
697248
437693
681000
597851
830394
46990
849701
48222
640682
550406
516585
485782
148377
228163
902165
165066
934467
469484
242050
902362
944847
845159
97529
752542
799900
41618
348252
425746
764903
942818
625481
987771
577542
91046
862132
289647
942969
173458
868745
4073
269498
477495
638993
205176
183500
761034
296154
634307
475907
386278
377747
293431
73293
150534
523784
950336
530777
348091
444801
48680
740686
577065
731672
648524
241971
514955
663846
767072
253674
86148
635642
225146
970466
618171
847892
983681
136053
781754
894293
741079
877861
751538
909671
63289
206718
404802
383096
95934
608058
898030
643011
587886
505682
323627
266159
895080
861537
875716
390036
517087
965977
577698
881274
630457
690711
537116
507926
25507
599448
674593
294071
935262
511206
443102
696517
616476
537792
348863
492194
22711
902595
796198
416671
117078
760389
496703
11148
945621
802613
620996
218262
290885
305845
739225
890160
342532
193599
974495
947355
511151
661224
500205
392304
783398
206636
671489
877165
18282
356578
428539
603897
58088
846698
113828
838486
64354
534780
759349
345550
437850
626502
78782
830376
820186
213759
539518
359406
130362
193231
747563
794983
894632
999062
657080
332254
943170
846312
74957
690195
952671
866906
920641
856909
289512
553036
209855
256792
928967
989933
302169
410656
373619
283938
107242
169721
847157
66372
327226
383298
791090
603773
957173
59921
988412
737604
239441
673734
152911
320824
409539
888713
344817
975620
906656
608048
86752
862684
475508
377749
175263
764751
79416
342143
915863
821253
56329
796032
241875
684874
431209
648404
491021
666625
163517
355903
756488
502731
763698
87966
389512
585572
97989
150224
38407
122618
701367
70650
836533
720628
702203
170945
650327
744555
514107
533545
356498
527899
46355
797165
232414
475648
153018
427776
729508
480298
893185
104524
934927
527531
695893
74781
783371
880464
783112
18601
49508
596337
122242
53395
902500
144757
227460
263646
972860
212778
710015
132460
562382
623585
939676
685027
627538
226335
924284
657225
871948
424589
845287
471461
91621
522207
727593
698510
925548
490261
822235
351730
753951
831442
56212
715186
685423
307337
994979
51933
578260
613112
905537
139272
875258
256550
129915
231928
753640
370061
799967
574726
425645
33139
106481
201092
631278
857208
560096
338765
82957
97969
189478
49741
294789
149382
865386
117537
751784
82487
768527
75824
259296
285145
416424
20476
240275
223039
784877
318665
943315
77260
173980
18244
387958
776981
91415
205138
626410
175299
762812
488582
428117
186528
202993
21099
365935
74198
949264
306636
434037
28819
218848
529697
697231
941353
899184
433930
919921
105474
716825
298122
229850
215744
688713
897177
582507
396526
729446
492182
591588
139741
344563
599061
124742
379164
49515
126687
987604
226009
158491
816119
408464
103064
733022
698407
724728
912841
176896
210854
808683
418779
837026
623718
292697
27446
22289
215098
678893
729057
737071
898843
95252
637948
439406
440092
740056
114340
88184
311411
739736
942015
379226
290271
875370
706475
571299
693028
879806
679882
543475
556003
38258
204428
752435
99856
213514
518372
365089
830874
160132
489394
377580
603499
464784
615850
252876
769713
272300
28299
782324
708514
22898
504838
535719
225748
374063
453786
874489
348058
631819
906219
586577
227687
72799
645759
619213
955969
493350
717487
898970
973117
253710
235270
355299
411790
784521
834742
333149
625144
846757
611496
439230
315122
387298
767630
131412
219958
570277
259862
460419
628534
646853
233916
499766
497326
931386
790274
915517
368363
456589
121782
691757
641395
988301
262366
313392
401357
251193
154615
605685
62463
364334
60875
355079
537000
590793
272544
932929
56037
109668
421189
651966
810276
375773
724146
512736
238449
842622
702511
115770
834070
810039
394324
897712
854579
814104
519544
224085
592281
953591
183533
444871
467603
942158
523523
733833
211363
587876
909862
867267
690562
649913
652442
832637
988591
561342
154196
495763
179921
91068
955181
239524
734885
112499
123108
489868
229517
698624
543748
341503
146832
212915
951751
795933
534207
249067
175703
288151
293973
778230
25552
602702
443564
369467
617870
729005
521837
339800
742032
580920
252339
756838
924683
249857
921551
704651
333743
73265
118481
517264
797378
571579
85372
402788
242011
997301
94771
712910
953372
323191
447566
26337
760881
433225
198424
550270
376738
764571
471523
58839
212291
592796
430989
601350
537411
953519
979986
520883
63266
895054
680180
577189
630407
417607
714195
485822
989095
155669
203895
350917
405000
171572
735637
119827
313300
807650
194903
435810
276748
661087
977489
165898
973279
850987
208028
325492
68367
543068
449292
331002
498478
223713
685254
775227
310096
944435
546514
167605
431839
149397
656989
708032
885327
355703
469130
365454
479972
530240
358186
972781
331182
23429
347899
836788
616362
836615
693785
113922
550634
611570
718058
132028
328196
80048
228547
854619
673942
318701
328258
915383
555385
722535
336199
771345
557609
213131
441460
831980
605035
585319
865732
328511
20269
998704
688453
72622
502642
321165
965507
957116
318007
685749
448088
492593
485878
406963
124939
157193
69057
931147
66187
119089
274348
208943
169453
406177
286365
120851
794477
75911
900823
13134
282598
378892
980691
275724
748514
717080
889515
99425
486411
586546
27104
43643
248137
84766
305055
809434
881259
496083
639602
41604
436683
279679
461318
374340
187255
76624
382820
127418
925155
201359
473056
979449
241577
781045
985413
57608
335680
601373
817949
652348
675089
717452
386650
166041
777734
347869
89201
282664
692887
683052
587292
371717
41742
299436
463679
263060
437147
99615
471736
448784
665879
549716
727219
345351
918522
252702
331603
934667
580651
126290
72277
336320
317106
303668
214523
864681
93025
665261
538630
219905
339939
124653
628979
687654
863909
307345
184574
831659
194215
851397
216554
502002
680019
595039
322338
821993
435216
17286
692852
57520
519736
412317
565778
964694
258740
377396
214154
625948
590904
450584
882607
405114
538363
261213
918254
313385
436978
84349
554505
584923
501653
94193
792963
701960
637823
246701
128734
343401
523483
216446
510778
815293
300328
255455
209712
774689
452365
404353
484244
330931
339437
159821
684064
584606
359565
529341
703366
353634
880420
886630
955550
269792
813936
837542
844633
756307
855565
827411
662611
594169
105094
826192
301894
576916
362284
289769
332583
398964
68406
760342
425582
614419
250026
952546
964349
423094
30685
540817
295255
635632
513469
774619
404926
297087
369832
56055
361573
350187
972378
590598
469596
647663
200190
640587
827875
700531
80100
923111
336412
260417
897784
891808
228875
673112
597471
577993
400589
261355
257069
398439
759557
951412
20602
855795
89337
900487
109026
802023
288079
760565
795556
839146
46281
229464
936681
440307
443654
841948
826866
832956
30335
990166
332551
808158
810184
527159
370414
42657
732408
31169
232946
442978
908333
27877
431904
394057
534841
975499
402339
109271
427249
201474
217341
801519
615063
167746
932311
761725
128032
978113
730631
674705
455697
552006
656756
522285
432807
653210
77557
393873
809746
424808
200860
527704
925510
459209
591064
719053
670212
239038
857795
176889
780253
83569
438942
52429
150145
418551
436630
440326
919700
444745
413404
357700
193446
813133
75665
137172
882696
450963
57350
211531
684003
237173
355452
372512
103013
229865
620936
741888
202713
372504
363715
831057
478062
625814
655996
696447
78721
470425
508401
135966
688770
306239
255167
580378
140074
540432
806445
669365
367066
573854
567970
127707
481787
564576
650904
200332
600675
897468
979823
372432
568163
862816
776522
421921
504264
362045
583100
524594
857486
986652
720338
311048
479829
177033
147437
64208
490978
43464
431464
39742
994535
390632
451512
144379
959208
240989
212067
706981
663271
712250
700999
471849
381305
332539
799471
971859
192860
208541
417121
10845
597500
450133
770949
983311
634965
773234
623782
873565
46031
330034
420404
987910
568665
261302
241894
42463
907518
759352
648715
507576
29673
815266
83085
488156
961476
870233
539278
291061
47720
688949
326960
502201
201521
664297
291293
994022
886210
99039
517215
597296
134789
290757
602873
737739
852861
547290
460210
927511
361740
374184
369108
642821
275435
824294
575064
640826
243202
542514
881736
474256
662217
342174
800024
16388
53936
826605
464307
782130
239357
935622
666383
838748
491155
772989
821715
786005
772715
100236
754089
739932
388268
588114
733408
330040
932129
8500
237835
653447
431997
313815
498923
396797
726014
626075
192069
354843
891989
541133
154770
902827
257122
606712
723795
291478
270346
494015
13015
443656
538403
654136
343020
223928
208219
874709
80039
484367
208936
205745
478729
704776
477256
70580
66630
548236
101316
900497
885299
547339
707814
901727
394182
17043
32101
115461
138236
9320
981694
97416
866343
134928
708971
807853
859597
791441
264220
884860
25692
755779
654041
814543
607607
635073
963407
222615
971305
448721
410462
22532
779819
942753
28441
274591
802259
976808
172058
934707
220958
410611
335056
587111
683358
704279
558993
305617
115450
905428
421589
323597
120182
276534
183196
691817
73839
64630
30394
195708
45407
526358
249062
531135
348113
196801
665775
104957
791551
441626
78263
743742
90068
709862
540127
612649
144607
219218
338958
761923
94018
40318
371283
890862
601843
459201
383701
610558
717473
765485
380592
405550
609793
85567
719002
138477
919191
703102
844436
748438
721869
698565
452564
5966
150888
232763
299235
926710
906302
231824
297569
748869
61552
350854
353815
327864
838682
688249
637069
469676
187754
674735
345198
376755
909263
601010
701876
344227
177335
411385
210115
144376
219155
578480
432324
216041
14137
571084
203324
430385
132069
528545
845257
232161
307830
852184
760598
901013
36730
603867
649499
286170
645579
805425
870262
491842
168913
762273
528221
630764
624077
830046
76682
380355
165429
588865
857569
572400
725565
910114
657778
68451
519148
498955
735214
544863
632209
947084
714592
305407
914145
716232
18220
146902
848834
163410
838735
944313
636400
454010
988806
199320
492078
809555
429617
464131
140104
518449
630953
860508
636468
13549
122129
556116
499210
839590
653516
634674
819350
971823
78299
759679
829642
63059
105151
731966
902195
779689
716492
197312
297309
586677
989821
214059
64530
740171
760307
326906
389407
698499
413446
227659
893319
515309
884411
286478
624566
285425
661379
473857
541301
719317
680805
503747
872404
206630
820994
14075
454769
385648
781164
506762
186649
275258
953931
815189
773429
732059
842199
706677
290287
729726
969460
573203
926978
34909
851002
688466
111720
812277
808861
226875
425381
857246
372012
212289
325424
382301
859051
573015
583114
519371
276955
593204
231670
76614
496374
787726
285082
58984
403030
481661
574795
911439
696502
497987
456390
198646
597578
782114
214483
399406
213119
677117
260387
2957
885954
837824
60826
885251
886605
657589
76086
123061
814055
360216
846209
530930
273156
622551
139737
961478
417520
401452
710802
517976
736809
298072
343488
69997
152405
6582
808781
407244
410677
238158
358602
199081
695599
143682
964787
911719
73928
448315
906525
963675
224797
495588
121841
997037
769600
425083
523903
12674
182746
878887
807464
919106
619014
97914
677219
754842
731436
133247
650611
461246
955396
525554
987047
16985
494803
963900
414972
187142
853377
609209
491199
35409
287416
891708
489254
264700
967497
802935
528027
733660
850917
399563
79092
987807
265293
876334
295646
8872
968215
869018
830197
840620
701081
135340
858710
799593
991525
660491
686534
652665
16290
622627
660874
713448
752485
790172
260488
384022
801357
519536
564698
607207
896243
36577
995137
499382
83343
539494
704663
900984
200216
86179
201264
380727
653398
298813
731095
424299
787563
390588
697627
234858
65588
84569
687748
570251
587885
286872
405900
388932
92221
934845
536522
767010
506420
14801
900674
852412
204129
804186
172223
602696
402291
616049
596242
633414
314871
619878
285688
390811
6486
606508
445740
53166
615706
401853
89525
964629
290532
188877
233963
143789
124309
143243
67969
296137
77871
825601
685436
881187
430591
24082
290434
988978
43620
538105
14593
937280
509510
497891
577081
191267
603290
618718
77096
772711
913784
412118
173196
44287
676657
616733
713484
624334
974044
811398
685802
300758
764826
418732
468971
126046
599735
978751
567636
507860
425653
557834
536434
675440
973339
678609
134467
505852
675381
413722
895572
277766
540472
435799
943743
13436
814061
482093
372700
239359
163075
240583
952259
746675
960598
583351
546044
990371
727878
150327
778600
26709
989193
343867
776806
835602
137681
50981
669207
227959
741075
860855
905092
633672
108634
874535
695936
595224
679146
935842
201382
585605
498177
777401
173775
531387
231977
301254
892335
733735
722685
408128
180190
613763
375971
583808
544694
207239
96881
297820
602695
537786
348587
938755
493544
915519
438613
655451
748117
933802
966387
817015
88514
983566
975764
367827
276647
639775
599366
920125
285600
443140
834417
154516
810666
58149
132339
521721
565217
67668
677416
450930
388020
420827
959016
51686
654701
519169
609997
90144
703747
622271
909955
327310
918432
148795
924030
970092
138661
553092
314622
891911
102614
354768
355260
891073
872472
698798
408761
366097
443674
668442
241217
485769
788708
349090
202511
905592
608173
900150
29188
331591
903289
180787
132217
150952
753875
182507
662036
365916
775306
707258
976869
730794
293233
933069
92608
341557
184273
434944
349374
392276
160516
454200
639980
477779
128544
701782
864832
146985
52432
635345
780564
408627
64923
340773
510627
320578
522110
994794
878950
902760
955650
945612
445956
30333
444691
232057
712919
913343
493764
501234
749005
301579
296273
374821
589085
185812
238795
998582
43837
388614
176648
373321
126411
527593
75226
178789
280085
925809
575903
127974
657610
714847
387666
883679
13103
151267
949718
337382
828411
548493
462569
794769
641811
241588
227201
404428
309250
424324
298061
568548
898262
755597
657824
989630
821534
892167
763058
75263
24675
682962
697675
928562
632803
662367
701219
784505
861626
685716
481503
569543
807453
471648
946282
677047
545430
775421
146869
653118
729623
943455
311604
445016
61910
483650
583587
3233
290014
223643
366603
480899
805766
284741
408063
342780
346472
241357
638327
159916
825732
379770
18319
115786
961298
522044
575028
36324
797650
401234
953998
431657
759732
364852
188352
251917
326145
515931
489159
896530
655256
273516
792666
153874
85062
937047
27256
335105
289700
58934
983738
780880
380133
83663
614596
318016
101946
789361
512976
71491
267666
308370
401849
64236
431156
619983
472215
453602
291073
93408
572423
483366
938613
907603
647392
908951
51780
940528
724721
209288
397781
710024
824733
960945
544650
297767
551613
488248
15168
455478
124147
890757
18541
576129
364959
291336
649320
65965
355834
211425
821912
106757
230186
650073
4636
83677
234973
991160
67391
838610
553293
336416
921982
434745
949074
807838
748468
906335
384396
417019
129454
581837
660618
452042
233038
827542
747540
264184
841672
324545
894753
960549
492978
156908
55426
992776
718380
361504
816567
44371
682981
46388
505186
531737
996551
578469
862207
488916
562837
43587
701111
433726
971099
303265
719132
61396
341568
228129
316884
678039
740131
466689
98338
269316
188766
690810
972666
779753
677018
81654
582376
659278
499438
132932
454000
870380
491383
591814
293852
830029
43756
551326
675569
396647
371363
541959
335987
345184
777984
506356
971129
735977
320380
975372
140639
957090
347729
25875
870497
146925
364711
197322
852496
245557
284503
192934
44855
390200
602871
760377
615991
449164
950330
242956
700149
101050
310415
39560
265309
407938
613810
119091
74418
481006
821637
323178
537534
361848
509021
478647
463967
987966
927486
737029
513268
293590
996780
105441
253304
478699
717510
205262
665180
524316
417632
353056
924257
684806
577364
440549
376207
15820
842825
58488
853112
838442
530453
545292
546596
24884
486824
73935
624914
52112
833236
236704
216686
387080
100403
208272
166965
332589
548403
595017
809195
515137
888380
454129
546548
555658
103271
252671
638275
77818
692260
741693
351141
196453
40128
116250
367508
32260
395758
536398
782222
647800
992290
662729
174988
335994
150328
171476
913639
70073
655624
552920
735605
415765
489853
606904
206754
213340
488216
329657
978816
175575
164255
514633
690904
152523
670391
229173
196408
108108
408198
604120
863181
879145
153337
606701
523704
685510
71636
650769
861535
655096
647133
951596
290432
172682
110170
808935
106195
26800
952035
903515
134568
226607
664826
420364
621723
542826
616140
571710
956209
514899
276937
307777
667925
369879
969273
589752
772911
681037
761952
770715
505385
868254
278724
792528
613214
66763
600982
503872
795774
650647
316622
146523
765019
29258
687472
518075
639679
734670
300381
689569
708701
867002
325542
5638
389813
449374
630009
686341
380426
861381
982067
787856
274822
724877
606032
353930
553367
352708
538038
69376
224351
953296
945403
174855
177593
813263
628350
351455
559401
984543
997225
706998
360722
430236
73104
840499
98745
291958
642941
972132
862824
385745
143306
710049
646095
420789
734170
278272
58649
880400
428345
268404
920222
463051
302659
218513
599553
778011
422569
187187
618061
992848
539210
86499
375232
181712
570729
986972
734683
915083
366634
368508
183240
457199
624134
435943
152406
324220
644231
49991
149874
249687
466556
708988
224129
566103
624278
101189
218710
558456
758513
403262
405496
383932
174658
604243
99840
95968
491768
701985
50792
114577
889306
378703
52782
545618
202413
705496
364290
277845
908103
389450
955596
776689
332546
112243
662685
679032
961501
730743
708307
863639
215556
396651
47352
675398
703537
516622
578522
412812
690302
684931
976498
749871
356726
382694
488043
179702
851753
805983
587558
883243
28590
40370
966938
9125
884532
287377
359239
702009
113500
254099
627196
326719
566782
569310
885895
624924
119451
705050
196385
310926
680172
938458
913326
984844
126737
565049
498746
220104
874880
723978
193137
763862
95901
976576
38763
648031
375434
160530
285471
36729
528286
663272
139118
138123
338779
438441
175168
530547
767998
233306
341490
571681
263589
927034
615441
352882
970245
819231
615071
173994
294700
266673
465795
683500
487164
206408
982487
234373
428690
488069
437652
508552
799737
305708
67271
934690
110084
223656
491672
842690
792770
335116
733388
308294
570191
661990
542518
116778
148530
131795
646033
795118
295509
9827
333182
462662
860382
751715
206658
704804
208409
824609
905213
813822
807007
167819
864962
472195
866759
361416
652845
589589
700360
113035
49326
412229
353684
658030
623725
760128
369315
556121
806216
29345
841241
389139
260977
935090
220607
561414
231433
406497
498624
168738
542884
28793
261528
833802
694776
526012
198170
5284
32537
580542
679358
977108
142179
950761
515089
30568
744274
448265
694707
592339
865408
397334
29461
703140
352987
59181
991882
977725
526088
131551
804245
950665
913566
609952
623850
449196
785428
200761
414031
369302
848234
179165
620064
837845
58608
543282
734348
298373
979154
771766
566433
554971
51168
931877
839211
833130
380449
25586
655265
4168
95743
641039
488619
423468
303890
977516
418652
192781
239116
456742
97467
616389
402316
447289
518157
420084
468799
689732
341455
251267
177001
177542
284815
484428
577233
156755
969990
348061
375718
374946
361414
338167
436539
309560
205497
268992
592323
350032
445432
769866
213189
530005
567131
451331
135772
83981
110520
852515
180670
776605
844856
94486
369177
224396
27330
567039
851207
325085
161445
188982
652096
427898
53266
16386
770945
40255
253707
335979
179745
795789
776140
250275
862571
187849
35924
545839
224407
287476
932219
643463
762613
157893
538842
606915
176547
470797
238991
222535
797441
757071
545851
677683
825123
954197
829454
959995
305185
943899
327131
69037
461078
114107
103314
521921
742431
327931
194968
972497
126435
951232
308846
121693
65952
817245
804484
809392
894188
758718
46114
988260
87643
83149
700054
600677
785678
317170
911767
323174
355377
586210
966930
940526
655543
296183
41134
690962
904816
573883
103222
323486
319013
640894
114455
606707
881617
341036
932959
485838
318544
926325
984495
119390
646566
656018
877050
216561
293902
391567
89407
14238
691144
78141
836437
311005
121396
103466
205071
285469
845674
279774
129108
284441
938201
998300
526795
975285
310740
981830
812478
380524
17191
17039
276521
820266
125999
840790
549396
729214
974011
643779
28971
925127
165612
934609
590977
131630
729380
483810
800629
8008
503151
946591
134357
494847
964076
532789
847047
946899
208246
699859
219153
340939
984020
79513
562601
605755
207040
581280
865011
834878
113346
292746
133901
866044
118889
258665
882961
872967
610076
487029
392566
259816
895180
483328
6343
475389
768255
962261
311424
498914
927614
280074
691736
3167
983200
747140
915017
585019
506186
505193
280338
674185
905806
19838
687155
817160
985673
632340
406993
755785
134184
136656
393127
389516
581015
185486
355745
863853
612746
723605
599744
706965
937214
144226
292605
325473
363346
3704
95860
42206
828025
950815
817536
647466
76001
971568
256447
725706
437246
650098
801146
224918
219392
918827
75097
768
828033
904371
934559
44814
826060
525616
455794
389936
598729
910566
132743
882308
772860
167353
948691
579454
704780
492320
763473
812308
169697
632475
550443
874739
291268
652248
573490
195461
288914
843521
644484
794651
988679
731691
9363
412965
874373
475800
409950
404496
708155
190004
883992
636002
423759
746446
838332
918746
787480
744767
465044
72237
164046
787145
525094
341005
207185
350598
385850
349458
689116
280432
571575
865274
158700
786202
142181
506576
186522
567450
240761
802168
80722
264391
207410
951695
63433
766555
592501
549367
756683
6446
94419
623616
248862
346107
828417
980989
773622
302109
807476
674296
734660
547678
435139
346068
521274
581697
139029
896077
826324
815307
712016
985033
217106
59163
727094
171723
116223
167934
777837
266109
360846
276173
441612
766030
836521
754697
557443
774764
333678
644122
225094
373130
410509
450522
286074
527556
45823
914961
870728
330900
957524
831753
308819
705926
265227
936105
419088
227378
42418
664887
655492
591762
331301
581777
354332
975634
213785
870848
734679
838017
213496
309287
672962
82467
204165
994509
637028
932287
253763
272290
846873
30201
19823
645323
596668
128896
350687
724307
655998
243274
901969
290473
195541
823136
405913
872486
567405
662039
112583
556319
535242
913293
323747
154213
269269
709860
178819
714269
378206
131561
87104
20617
519029
987228
341145
45620
862714
661176
945423
863232
542722
619748
478140
996195
328768
177943
882332
240634
243570
213707
878244
556774
690030
661551
248086
3503
146485
942513
366891
856841
355066
429554
651866
815261
887213
740575
462377
425329
742352
471137
514130
804844
613795
952541
85642
395552
510117
419671
85607
747819
917708
15057
677455
707466
687493
392197
998324
114589
622655
90303
196749
637448
469819
870339
58274
791804
550061
63466
516231
300629
325746
82347
767416
246545
953718
818854
307463
863200
467539
106871
239794
834410
278563
456096
27660
257967
960937
239872
86073
934279
375866
232234
760057
565569
359427
458601
301850
908294
496422
190013
45777
782922
407823
907784
241149
746771
653888
877887
816749
975942
932073
777194
77827
444435
571830
273478
336353
390315
549128
401624
778902
727238
317324
564876
527921
44241
941687
59621
419055
180459
859291
1467
585541
602309
332172
3328
874838
485054
14267
348786
952820
547475
805606
669866
751317
923437
277581
420692
4165
288714
411685
71808
752622
955411
31909
648238
903855
509731
856601
551671
791518
109467
15728
597083
871759
923599
920600
195219
264743
900846
55707
287311
706718
606847
279562
6487
345711
846489
260276
943115
71679
106438
798620
413729
940957
766531
548295
83051
744024
678214
410063
389796
485779
895593
544047
194189
851265
339300
299918
302348
898564
935275
898759
866307
611137
946595
220584
568998
634273
571769
712849
344636
24632
167171
379071
39736
134498
64679
105670
361838
765790
496334
841183
335609
153544
169852
453080
972748
604177
308131
526901
158347
314010
31437
118684
651180
748418
892869
663707
203647
386926
646870
30415
177230
304126
333495
836143
876273
914715
753212
275
842589
176449
423866
923310
878587
18225
961918
190264
536841
788955
271184
887905
27309
874859
312553
214762
627437
241495
105704
511716
931347
239515
897083
767898
670521
217036
730491
27003
413203
520032
560434
613257
851700
859884
609286
294905
476229
202638
696148
71278
39977
176007
506783
229659
227501
505980
36180
470882
241142
353523
421519
617556
138266
405321
261615
498292
779928
109532
961738
86641
569924
26093
490629
894728
198615
633198
586786
751102
212876
140641
915692
568557
931798
358356
904188
803205
719101
902772
418015
514355
712055
173874
753871
442544
324837
770471
119795
614126
21046
868211
243146
836032
540076
13569
474205
319062
81316
193226
732487
738406
250351
735235
686030
225686
409403
256699
592296
498803
257944
292752
453567
768755
70532
434336
609551
638309
186252
930662
227368
722394
717122
826208
44001
164701
725458
825481
925411
976890
338023
817979
35181
857001
101343
431034
681956
567769
728289
24677
607974
516697
146737
233322
547984
706409
327949
295741
293337
337162
297608
712285
86416
870177
375352
881857
58289
279579
913692
665198
832630
54275
132000
659404
880378
714078
247279
226172
293202
760059
341971
308168
291502
138075
730207
711750
972260
113401
563508
587933
223546
27323
175672
147419
45331
646695
235690
83205
582657
31097
101257
346915
267804
190875
665452
239080
113904
430653
200691
441968
26552
533687
103407
249545
793315
944830
40087
547506
609407
393315
335461
460467
138234
512668
663298
717283
758587
900842
269307
540242
52974
288380
696612
848561
13329
533957
624862
598128
127660
386754
691163
151308
224242
701112
183140
849696
768748
459770
375280
232927
262570
531200
173014
715389
211432
356287
215887
432076
592889
354696
534787
980450
703245
70509
765214
784171
56140
86017
527713
453116
801240
4323
7335
126820
123143
45798
697171
532518
909261
391244
328528
539853
701526
202277
231794
389884
37010
696435
706758
477872
536897
287687
180383
899551
801193
202328
914772
852767
302667
541356
644995
863999
325092
790228
479876
32936
220319
561498
133057
438845
419585
149474
514573
790507
557333
851883
763543
480971
886559
756167
844026
180763
316214
60637
423206
807335
311261
261484
100379
447695
136653
355643
959981
847985
104672
887169
885948
296098
919806
664975
190577
126771
819486
204878
461974
37539
485307
94574
451031
211644
779157
61927
640016
269160
239462
914900
119968
331506
856585
605388
912589
309990
310013
834748
315958
880978
659971
486354
909630
861779
104774
513453
544315
157099
960514
353150
253180
279119
360301
61375
488236
390633
769680
793511
91215
412469
852160
753021
433157
231171
452583
383801
668226
952153
794563
472951
842049
845073
62380
945969
807568
486799
607127
198559
280086
83634
382812
326718
692592
500103
694601
327112
838138
350674
105800
422069
587006
79210
278544
439845
429684
314664
556538
499832
980876
729628
611300
378827
462843
774101
23384
675085
897240
951217
810435
284288
14438
888454
67084
526142
759054
885817
905796
829885
937152
419102
16432
133971
786667
131536
630847
759510
693672
391832
850647
653425
424232
259143
15013
69973
554358
185524
349672
268009
561869
618866
305646
413175
13258
947898
197119
467765
611778
467713
309541
341625
233601
128208
202009
351932
93508
92429
267998
434603
659129
220285
479655
973075
350532
143442
350951
397554
433343
252863
426323
360842
194280
989872
967477
804784
166756
816800
890931
837893
696867
966468
406168
593909
497775
321590
918747
199604
778092
518488
567470
192538
464985
430118
455383
286710
37659
33382
872907
639924
489794
979549
508356
554793
376733
409485
139338
404584
354073
930293
161007
819706
110619
209104
302629
592171
461855
926614
649328
469219
743983
40954
729248
271503
395050
371709
916973
936097
805357
879717
188938
298559
550739
810580
733906
484120
509941
571537
196829
689206
405366
709525
488979
112177
851214
414518
199658
910046
282180
889732
778721
309662
230391
206179
499502
960978
276874
702202
393206
699069
734764
731112
621147
84853
541532
994839
507677
140540
215885
489760
12908
48862
18845
606018
992248
922782
92200
999161
160294
977909
326874
293506
543315
594832
270271
65771
765355
583517
899794
863275
931022
778842
852882
732484
296194
903896
268149
383786
190674
479466
820237
26623
841732
853277
246101
325739
642260
45821
870602
557126
406245
659913
784648
198379
333286
92376
644384
287743
997068
784417
63450
972720
912787
202953
998185
212492
255122
12316
378325
503516
71653
252164
483457
679684
917290
113591
444983
62330
721398
877098
181860
281920
606265
837549
619137
752584
981695
751586
594308
90498
166663
662306
451268
881178
599568
140447
229768
185493
180139
828831
300501
703387
676256
408989
62226
466570
758121
197195
661012
453110
150197
738931
736721
986631
603055
377179
169676
653153
208930
952514
631014
954363
812344
825060
930541
896760
444132
961742
37141
567473
101479
132770
157427
600638
800012
793110
990937
538552
768227
142547
233253
525503
981023
791392
388027
914151
213664
531149
850096
438508
626063
750699
592886
215094
145789
570095
949978
794221
930861
801502
42791
350348
455230
288845
126685
507340
14089
511923
423096
549681
883134
15339
32027
6968
898094
972668
74501
307784
867364
600002
19217
875263
891161
616579
184192
12964
456388
160734
20118
379286
617624
789533
194305
402692
322044
935895
254396
341935
600525
140399
235753
628466
553630
48669
514522
917989
934791
691065
743553
872987
867820
347211
37187
623449
845610
58643
526833
912491
897958
572133
517325
197444
667906
578525
907613
710322
470543
681604
311735
800636
721285
322710
40243
133038
275980
23216
901151
200874
303147
321388
566109
428142
34255
280850
627104
316590
566818
567568
403038
510584
661930
113479
863150
169426
224593
261700
140715
489491
796018
194341
227573
476982
702494
430988
661226
976835
337153
999142
645656
815323
446047
665958
704316
470262
225491
886499
309337
279206
284907
769883
942578
596523
143868
349830
249850
886053
933137
969003
913579
372765
458199
439903
412751
719594
500638
686441
81676
576414
530106
924092
403332
226656
518071
322492
559252
144455
989616
663640
222116
70215
358267
884652
580521
346586
721582
601414
262592
136708
315875
409108
70634
262502
762266
718582
944570
198322
129340
135346
552372
91439
965320
862905
252494
683197
98223
509187
634000
464017
56451
630834
608000
661092
133205
853156
918273
970710
185648
330411
294840
307333
510836
872940
181941
971294
788191
121839
658591
661393
802933
781742
278107
774473
142674
12265
379353
841833
905755
411251
916611
867376
759219
973857
377288
518750
738380
647503
458261
994136
284464
10477
5711
155581
415460
382674
25836
922998
711933
269480
534198
69745
846201
99598
901507
466977
929703
571659
724587
990965
300906
945281
384489
287315
158254
450094
26244
361565
690704
628332
881491
777807
419507
986311
284422
972575
331411
587078
565224
629726
729611
93185
787902
421585
470156
888198
868399
343394
739966
304085
929360
778783
990895
849117
607760
260562
67489
316804
687872
784012
260588
239850
638282
184982
819896
879323
735015
337529
490199
924446
551972
125166
645536
60202
70350
874978
72777
13374
770235
854548
564782
403076
116316
633261
423221
941162
927432
547070
837349
709748
838186
590651
84925
204418
931677
209778
32420
688196
86110
354272
708369
942131
138855
903432
291424
331328
566820
965421
908168
284372
739243
542422
881841
844127
445898
621907
894822
200594
48111
192228
994572
503615
584514
375885
584705
693472
858965
495388
958429
746183
986703
825728
425295
389199
284599
541884
984980
643112
797644
737600
732509
414071
309458
431877
61399
696262
68936
554842
318124
614484
254873
721325
654543
187475
43984
615671
465217
348179
475100
66360
747064
905287
301447
328245
359638
456126
953561
296543
449131
720911
923578
979940
240552
492697
438780
485467
621996
361839
650778
100227
276571
291037
547440
742982
885584
180699
754984
587969
494915
794531
57951
617793
44488
45803
723956
488079
320322
959990
846412
359416
864262
310578
16674
601441
695376
391427
42828
21183
491795
317952
284655
368118
337756
910358
874681
500709
29438
238754
314584
166478
140430
930737
846100
296604
495183
391523
402134
794595
981870
219083
860152
908927
613855
87426
322745
932645
268545
521131
326565
494047
429063
611536
582246
954887
329705
980771
828748
944135
981605
818617
207736
912563
13387
331717
588464
572386
86423
199290
301257
804905
47504
624444
887651
214685
626545
643523
149687
645981
379463
266026
351195
282315
887575
665487
83849
531700
53663
38417
841338
524403
618450
23660
60908
63468
800600
132786
971932
782912
694340
154679
497218
388926
510377
316674
177265
796200
223512
270970
994961
8818
502973
186589
103950
819767
528677
61620
693693
349854
192550
273697
342705
732796
168614
269899
507557
455689
829732
749404
421901
842597
267833
494496
207928
567782
896933
747507
573720
359789
121965
928809
160063
35775
770154
582680
940347
731748
357509
950580
94765
728591
623952
976404
98040
495574
111495
203131
694272
256743
881589
541366
267459
857064
448508
164354
782716
44337
729839
707102
788675
52687
409746
424920
689987
708826
364354
284841
887702
694671
989965
85599
826392
480454
875784
330957
112486
626307
344411
625019
892733
814402
658764
1113
323483
842003
804623
882349
579698
86175
56887
705982
484409
718569
132694
767097
877550
221702
743472
132007
913511
818419
334952
285952
958210
79754
284995
195443
427099
295312
374791
842124
916982
891888
278559
66380
813917
559231
129265
95881
32925
860869
678997
551321
746734
504429
383935
685460
633694
199283
393377
3101
770384
887617
678761
233496
727253
81028
513970
420715
630851
407781
741134
577939
611595
547831
424720
137601
828420
710081
92352
38859
723665
396852
87070
996766
713131
342719
813107
852750
15505
51432
213810
380268
705330
831923
516796
616852
270802
410075
140882
676649
293174
696312
985932
958651
128800
782255
29095
52718
879209
658008
735879
714928
958838
387720
983561
697186
332547
490638
289143
565955
80948
78013
813399
460225
255542
405100
397954
223041
231175
174832
583121
591991
476292
349114
956192
714585
824799
901800
937090
366803
243037
746605
695959
659949
549203
638025
333801
683149
980130
748781
648922
219781
168435
991881
668580
293150
968861
441198
265481
187597
990879
483162
809168
621551
56281
904023
709483
697183
715315
154473
188781
886060
811203
517868
77537
337933
750335
307540
296769
560133
202487
741368
121608
926910
659506
660796
130761
82501
223952
426239
481972
507200
731471
691387
359700
401235
249603
500497
437624
425399
309703
310925
30369
243322
632628
375311
727494
509176
933579
339868
704220
465321
499343
527882
406738
571365
870107
486423
407245
371040
618990
299161
123680
789468
521891
208163
450473
56783
565865
399480
865955
167516
993136
596771
415630
253976
505908
43401
452672
784172
475253
728427
950141
652938
110498
792773
477135
768878
448126
319898
677976
159407
492237
431841
280430
269681
729754
562013
529601
71800
893640
179476
492204
36790
808989
895103
661536
705770
797097
967270
345026
855396
301975
288978
573391
600483
803725
170873
226880
78229
652615
976445
783942
166450
212555
326282
875981
454774
497292
154238
384244
311700
461457
125876
332400
484808
142512
645842
415865
326556
122058
285776
632828
974353
140848
327866
649298
693371
77918
24074
628521
738170
294809
180441
153929
496032
778251
29230
157526
491748
925490
265851
461469
931971
166501
947952
822800
523022
124896
337173
720556
747035
356081
776629
346120
788339
512006
765915
312872
692404
801823
556324
28150
565543
982757
409622
30534
460390
626503
479806
87713
594150
976365
270874
337819
79698
31499
719791
781190
262057
421180
982165
273913
324523
316142
538505
116985
666592
659885
188608
1836
207903
890832
732270
48388
762079
230877
176652
583896
717774
256282
980014
648606
613491
886323
479076
840748
38207
924538
397598
718579
824491
681936
551778
834503
290008
513337
215531
102001
311584
672851
35305
474237
193153
607393
117545
837708
917441
958398
582889
93296
832242
261651
968498
974226
859102
177602
580197
874251
554451
575481
418108
151793
875779
963410
704248
890368
696623
462
439054
306108
528760
434163
679808
710981
644572
950202
969084
497068
320875
83494
211687
557299
93496
290318
324960
897423
515688
90054
733147
200633
321502
250586
694900
989225
247540
930635
334185
640942
622519
781605
279266
124136
568174
353217
962284
992253
963515
577926
735943
374190
688915
563189
638022
959394
105545
526601
361625
793383
244003
878578
11205
873785
122968
783340
693241
960808
90078
556899
775478
68360
98791
315293
847124
408485
838394
678402
165088
493055
367069
951230
600928
779200
652489
305736
393016
525320
763140
282068
656955
980074
449800
153631
615803
764702
840506
721823
501710
19901
469995
940367
8507
801210
159650
147357
216436
229839
742350
317252
336679
697424
208309
738778
83508
530597
966175
172282
549290
110558
169121
773785
702992
749895
337025
80148
988499
916815
855336
306812
48354
829850
450714
672723
780271
566523
773469
649875
884005
857537
513217
274132
193788
259587
839403
398041
193224
164524
406740
893686
712719
617281
475348
933727
385301
352054
702260
864420
102935
562508
559608
523321
121587
981089
133346
285935
472128
105048
555145
7657
768465
984309
271060
328815
666427
986701
22792
437095
292459
111055
4495
672564
993148
101758
209861
634213
225500
898000
559903
242328
944864
774110
400769
96771
116698
419851
533143
142312
750375
493227
382276
728166
606631
311759
308337
428149
988473
358750
914668
497704
508426
788177
710600
631263
182942
788799
773378
898137
682357
290385
496639
883911
759745
664878
865029
825393
827394
304133
426987
702478
60409
427359
75774
475851
506780
938233
607106
861185
581750
246538
869747
122386
915107
898579
564065
400623
193415
590660
640103
260980
483214
73694
233223
455141
769986
671749
694838
351338
241358
125871
663234
87801
97723
756676
540918
381465
273167
203884
819093
807983
411770
525939
606656
889518
612817
228504
436808
838924
144260
555176
45133
799488
115637
639337
804686
703563
982430
968108
329570
695927
186046
607027
757380
569668
848876
964069
119486
7482
863975
141649
190161
291944
548546
529400
678490
563198
736047
27606
931960
105146
749676
264006
393218
751842
606216
45704
961687
984459
131673
237112
21555
765554
693748
11131
395145
188996
682542
989517
845334
660437
515765
993603
536821
687151
103987
928977
693127
473805
481462
379039
8495
125721
473315
175207
43701
437927
972981
646251
347658
479638
369427
823916
886475
164158
933500
605047
53800
705208
40844
254830
898514
66171
361939
687854
228018
232818
860120
716692
893645
460246
130127
585999
564078
168159
631975
867848
244085
419280
592614
914173
593110
28917
204095
689423
809984
184396
256646
823717
403495
194148
327281
390114
612862
571379
709522
972016
543024
151374
861456
809407
972113
841598
80874
572945
764068
917539
622720
860550
298162
565572
372391
46169
602528
416512
350155
319391
430169
486738
234005
398821
74562
115763
496330
687264
375818
798171
326072
347765
478383
887842
468398
344347
195119
570768
849412
385026
390651
768750
886376
161493
382794
223140
635212
150011
794736
625872
861495
25866
864945
374786
443379
441870
535718
225294
485395
389321
486200
949591
312691
363085
557579
751721
683026
314835
273363
859851
509435
180558
481672
989061
42761
32629
181949
946166
732815
639338
170057
720883
195114
230904
39822
216224
28828
459014
108633
737615
790407
211004
96902
477583
277918
936456
861317
690481
960863
990362
751650
627429
386810
704045
426332
77118
254279
786678
139628
209329
598303
387192
67466
342241
963689
2397
542839
204478
379674
119582
608910
245178
595634
597626
291017
532364
981351
836840
769227
318410
455105
176963
919899
29768
61631
976012
104171
385124
70155
886312
853952
158943
89353
619310
970091
802807
53679
505228
869041
191690
316350
463881
819836
50510
962649
878013
637898
251398
564262
789749
456209
497155
146540
318601
283732
645720
314945
169147
934101
397870
621109
683155
236350
723175
857577
471113
59305
893418
432559
538383
565884
150639
866672
687962
758487
51291
434712
440951
819402
189174
232601
824632
125125
187759
670288
190244
451566
143446
967181
158229
502612
880720
491626
477635
850567
434108
305111
431253
99651
701986
133245
439116
458038
921855
673302
616388
182446
53779
34933
443932
187987
20371
920795
84046
619682
407224
762395
740766
577980
882156
323705
61941
547037
560277
222699
990056
383787
984062
592812
260902
884533
556493
215066
673955
415053
637321
831988
960887
558059
93874
68688
368454
62222
406666
37806
53320
383695
794463
936279
211873
753482
587231
192751
585346
121398
870241
323985
524294
555859
931931
68398
675416
504143
823905
247329
198928
775073
503782
283835
985766
149316
59463
198233
163649
174423
732425
25400
614876
462624
619694
962716
957954
751367
163527
714426
897409
421933
4023
133964
541394
335964
18412
52098
553284
273272
198325
326018
526874
985164
940993
329204
226471
696421
212341
720101
668697
356881
101336
360951
952290
95915
584455
593868
188505
198662
657648
231
450873
524941
369115
401580
310563
785943
641410
847946
820734
130949
584620
636507
303531
976978
956552
260185
522270
227726
921050
664527
129189
747807
374477
77825
651568
873270
634287
993908
31385
815835
496044
926270
714627
857431
565822
344603
837277
189706
220761
654143
314417
751873
425208
372
268652
934965
285225
516097
217506
832843
531223
182343
542296
251555
866040
793030
333083
887840
586450
235123
981778
985272
404029
446594
482984
328532
940867
360215
153144
410198
988800
927701
855540
719438
394909
918812
41603
378932
541230
167630
98877
377172
390984
775502
377154
803590
484313
409593
458203
829801
487374
599667
718232
157126
985310
15857
994963
852098
212279
882964
380899
959389
352713
643652
745570
781167
186678
778864
349504
793971
926708
898937
657521
687135
718345
503455
538770
917119
8531
30797
17868
320301
112467
878973
193196
481364
903618
560685
122434
571487
242202
693727
772995
630997
622324
731100
451672
233605
958861
680139
945334
666937
896007
939600
889983
382245
68237
935193
503920
728784
798023
93731
68824
562887
79579
527484
278961
696039
457089
213187
690501
666258
447890
114071
956002
518421
321599
813061
544022
703038
881663
52771
413358
667014
793161
663207
911307
422620
902727
395989
785938
519923
908323
519465
596950
21325
366449
209555
312412
480492
608006
475378
723240
331202
613147
955141
894167
499755
175205
810241
35334
228902
512758
820450
520957
605433
840954
966759
996456
36551
843920
413925
720084
578914
392170
24378
500304
780240
583199
919908
113561
87444
161728
363080
987135
798341
625288
243715
604873
166897
453747
148967
528319
231356
454552
49440
833992
950938
923270
889370
70697
520981
633016
955344
232449
1214
451002
906545
571780
689826
72156
553022
628932
182927
402936
813589
724031
305666
129156
516837
486065
465140
11507
641179
439174
574554
723408
613794
502811
407649
144298
851017
403380
491083
533126
178240
364330
342503
104557
770961
603153
704566
135030
865789
177515
35640
843564
713318
52369
48965
269886
229117
808776
727188
405076
292792
656124
762724
523621
470388
723122
484144
826947
720356
56051
881445
27126
864028
208232
790956
882511
608565
157172
809389
94798
931858
82054
911694
327048
731069
493052
883208
234097
294715
656512
92584
871578
329857
911259
210116
383118
165610
411473
271277
344147
506351
268494
666574
935947
95520
95275
464014
482098
312539
91749
627407
817748
892417
670576
798658
238295
384807
570002
559016
370720
739418
52947
813984
175768
437964
303372
648376
384439
615613
945958
663293
245698
853630
877349
41410
178805
32190
367208
308803
595346
863163
627232
89361
251944
39718
17302
64439
954183
353942
641914
982918
477920
704413
393690
766153
653813
975826
431111
146559
934282
761293
571758
596907
828601
550482
385601
197078
130789
76834
295718
806381
525860
954365
27002
255886
758649
833946
595672
590213
812033
853843
452355
522509
605178
647583
518960
474773
822021
293123
265601
588867
858008
653772
276394
388414
630302
494395
988280
905734
432714
557174
427514
196233
351521
430051
92603
124542
421957
510684
476603
370365
751718
289834
86658
578084
165513
365752
453133
360786
600486
285580
748555
489834
560553
301249
196027
394657
150108
527864
989048
380406
453025
14597
687408
892886
191203
354298
909589
397304
987126
622029
827510
315337
347260
183253
785966
178954
521576
573041
789494
669591
74620
85605
51362
56421
900670
831325
824030
728527
660237
792658
65496
775397
533188
417985
350849
762132
546461
635739
71652
920728
3993
874277
985297
797492
882764
395130
680759
516893
675059
277296
429460
851811
223436
265696
361015
517050
61415
409698
934952
870415
225568
438903
937256
598514
968228
401996
700465
714094
317596
498818
540003
351269
686720
375878
322211
719642
814205
629588
502506
822198
364921
144436
331706
396743
923040
487199
266235
660911
83527
885088
496525
665951
706815
142563
193423
317632
628320
243293
838272
50631
538201
111440
699131
69334
708889
380814
694196
697997
97729
917315
665470
955228
411918
41307
245682
661983
375618
901981
503606
556659
288116
199913
698707
80968
154121
726954
591170
845183
498788
42059
46907
348821
400584
94716
516576
60295
64355
379694
258263
890410
7454
399047
878113
227558
193832
926807
787795
278456
460063
41754
373223
784270
729399
523138
894839
21929
229384
439636
53248
873176
661962
219130
679495
654213
564832
944222
844118
953807
578594
121313
124429
174188
281417
796291
787218
146250
150841
258730
881393
13291
631593
857941
100816
124325
382305
171606
777147
591805
241114
226559
106123
129043
743504
68533
697934
134225
153555
763821
421907
686895
598498
925064
789149
333407
136719
451853
510391
570972
420988
577590
578198
110056
348670
691744
552567
819758
31539
560050
329056
439108
260689
195347
200239
290133
803644
744021
94826
802565
535879
327466
993661
537439
922057
946513
562828
873753
151048
810471
835346
477744
337982
57932
188183
915915
869414
288623
60857
741366
635351
814194
8623
374248
129145
752243
526082
324971
390830
882001
270896
395207
150033
739677
743800
406252
317379
378125
695185
935438
634002
234284
44187
406958
966732
482711
531276
614508
240510
661261
211648
984896
297078
472204
72323
651733
408123
434129
194690
283208
220520
809599
797624
555519
156404
381573
401385
363464
737677
268073
458591
860139
311809
300587
567481
968958
611180
571031
342896
541992
989910
239671
765417
28521
416475
662574
446945
836599
165893
486469
453875
953431
568850
290857
94443
40816
110507
187152
460355
947529
8820
336758
792509
556957
317954
180660
271128
616624
977762
999262
799974
336089
882949
755378
400482
516890
181195
86739
251495
647895
271216
452465
548949
577646
418382
435902
280882
972899
419564
667968
479399
131392
110695
645336
781521
100159
151553
943361
569769
211268
20820
679640
514823
232730
855393
999130
50629
266604
408774
359562
862546
111225
782151
153499
104371
707772
45664
159834
136228
841319
939951
317913
801474
158772
957097
877873
485524
500519
985128
37291
191572
410326
272103
838945
26433
301058
69824
634394
778417
900848
4887
600059
386121
325072
32787
13581
753811
988996
240830
571848
88319
318863
781527
103059
845088
254247
130544
320270
756611
96582
575017
470001
6225
961467
623545
342346
213476
704612
539667
47161
301078
218402
851128
180824
398146
699188
661150
4901
533679
699876
990191
70891
613220
284716
865335
436475
932558
897746
761742
699838
307652
316052
425455
541624
834265
998526
519566
480208
530283
365077
442228
842220
527708
754565
266992
298865
520076
877233
618987
529730
822589
675475
632453
866613
581355
600669
841369
85687
378080
968432
10542
111659
910000
339974
914135
840157
264513
312279
320901
661833
693260
38949
480235
771012
62032
941017
602270
142971
536044
30286
472768
396167
657191
811660
259501
426419
135998
42445
129030
242466
456896
880518
219362
69343
83646
277258
793694
483319
444
594442
331752
444305
268472
455384
738669
950590
419824
472570
421559
645341
540986
351594
934744
63136
422281
353780
309240
897715
223
928512
943992
975658
639144
454767
173038
276685
910370
184456
865253
221877
852099
729550
676638
753694
656726
533436
583275
192865
694103
603070
414
283050
729095
204746
950911
732896
256577
831275
461907
830101
728275
398395
793903
545461
45212
166411
930564
570698
961204
817406
690774
68270
171011
300316
748416
510532
82963
204921
620081
103099
331740
100526
576642
478870
114831
548522
637227
46699
954701
894420
563068
92469
722418
849081
579063
225302
125938
244741
220767
120014
939239
392048
311814
730767
341792
479086
172862
378243
670266
981777
260350
719007
807145
688987
867426
410347
432443
773503
876165
432244
148060
276619
649957
897529
74161
904064
300082
339352
569249
797229
295824
744292
77258
490954
522974
828931
302055
132357
465893
415991
667899
315186
839902
484065
410737
525428
27245
157872
284754
132881
754189
998484
497422
588012
676718
400745
73378
828382
219707
676711
128609
22972
168880
124633
403911
217130
365372
341227
782307
557460
720666
885401
967654
999072
176981
96842
268104
123927
424512
261608
551791
695882
2020
879953
247291
326497
490225
593072
668159
260586
200886
20172
463578
883116
552442
931075
697474
599307
762301
300167
472875
69842
645616
352857
297469
826071
463562
384080
323330
90529
284431
60996
595071
520703
492813
672955
465505
498132
323189
22057
775108
940513
165294
328462
336406
483632
471671
495680
721999
141847
201907
949253
181577
705660
51523
45925
273010
279281
331089
573928
609391
511646
513439
626962
459726
630043
623385
843497
728679
80621
215283
432191
542359
173568
226962
430721
411638
556229
816460
692426
682547
3501
403978
934188
737831
14455
585727
83307
898999
514044
554798
9844
287358
581871
358219
745270
356535
782488
476769
53608
503591
604707
246230
345188
563132
534624
730497
27452
279486
851722
751734
932759
263895
576044
749858
592273
764480
849277
999126
94780
875554
989033
625611
189791
226158
118738
621799
741225
634475
436793
536543
284609
561454
638576
760092
576525
249374
463623
308310
239741
49306
416948
730928
959174
437342
650938
477995
499295
447162
998950
939740
558275
785957
259311
950434
335308
633652
517626
835783
832066
413213
962868
664591
604226
623031
715011
209837
127613
288249
710386
832079
586403
886940
185905
755768
337445
575297
294517
980144
365137
80400
952195
834845
9245
908917
127749
432758
769769
85746
633776
560089
659507
262730
148591
553922
863668
7935
456422
498429
190571
375529
67045
273583
625394
761977
820438
664322
879622
79434
603723
545538
568103
597352
901446
269417
943076
385607
671802
718506
33906
393655
884125
636336
806513
185133
659284
184489
891940
723439
915062
529299
442337
366139
601661
853667
349285
328345
838349
436319
400334
738556
77621
626943
380301
820335
394081
718981
849473
343411
607764
208515
75079
426226
656521
755506
417383
128444
4063
1064
205425
184453
79493
814278
835348
583077
590755
970154
495343
79814
481700
609321
394076
448542
359633
556971
107140
621428
640543
675368
84922
994753
967855
790198
840023
434086
359892
894209
74529
12128
149918
729660
626191
777388
284137
177781
659473
413617
57622
826616
445341
804620
542300
518864
507972
427077
644666
433524
822127
313429
506286
353676
246687
474743
325613
765459
251569
564373
14716
281649
576098
438581
269049
177345
971771
631219
658738
214369
76577
251638
545739
614311
70826
223769
685396
116482
502021
12715
99809
948501
166109
536468
127287
430807
100274
25953
901249
183245
467076
162151
156533
514096
557114
623342
585591
315164
703236
163113
203249
169010
268422
349039
393967
596052
984901
425434
983499
996954
42530
654494
734213
191448
717275
538535
929172
424868
488942
776822
617226
232593
425713
875946
315672
352117
905860
499973
707962
974152
486261
67628
299609
191777
689436
773024
543637
665191
885453
59240
94052
414127
11515
16810
653008
560234
521266
512875
884318
767043
348809
440924
743361
610201
834909
435097
702908
234809
264523
952952
664174
593377
267699
222626
119981
501372
732673
295771
771484
566560
837950
464249
524262
32160
197537
499113
323673
437158
941775
853230
229193
828
246362
985410
512722
88204
622489
689841
964915
51529
400240
492084
606747
447266
651598
138090
477767
369850
30975
215225
27093
798108
31925
822616
965551
327279
796321
373751
463441
621058
336399
943843
701558
140067
729267
879239
576130
809692
401409
575142
139479
258603
81077
715188
755764
34638
295965
895394
13473
171045
167190
571743
647537
400239
730262
759978
77198
398994
48664
69330
114025
596967
661518
605618
72790
458115
691471
144256
510902
405688
354358
798747
788944
76681
85941
570420
65511
108233
988599
87807
337152
553095
42885
492418
720467
394529
945794
647355
243836
969642
279377
567773
941834
25287
795042
840131
51341
340455
932278
233727
136482
537685
444764
415356
127048
118564
247293
718921
429335
408927
463208
249831
350573
633992
235663
307961
53781
137740
39033
521927
665538
294513
819697
230788
730245
841187
730569
107943
445583
936766
947972
778510
885235
490537
261525
344941
77000
596973
225303
60941
178838
114865
305442
407887
734190
308556
914895
783639
412730
409540
928159
927741
364373
695867
292014
249103
297649
720524
95445
626712
658403
100181
110766
649408
42336
377983
104743
860313
709900
366554
302573
905446
623181
792970
925633
920071
52447
894810
28898
456128
650752
520685
898786
74097
451642
356387
319220
694670
432665
117666
308798
87804
618399
721957
690766
288732
670358
512464
360650
968737
388129
577754
733631
21385
381030
732601
688380
859631
423993
110985
951529
876624
889252
555901
216051
640669
112835
64126
829682
688359
191139
561850
421294
145382
933440
420947
730887
548382
824390
859985
61726
66894
402852
184788
252717
231744
859363
488214
354505
745145
778
54164
807144
887857
188981
991798
957160
342499
486038
686903
543493
488668
29055
971937
757609
281748
802550
489361
225526
280688
650203
622169
657784
832029
401324
109185
698974
556462
706583
605582
779266
79048
632452
314799
474416
978881
17040
971106
203852
867976
987617
780694
157072
120294
806225
338793
103889
765577
703716
416210
542767
652505
353485
757928
78359
351598
102986
825320
802880
757983
502247
840783
255736
314911
342388
345196
399554
801435
640345
194107
197780
206141
682582
199892
87783
299927
499200
840313
394390
612811
611630
694437
43153
490276
848471
9082
755782
586273
708527
858793
742448
991380
205728
880450
24724
154324
996168
8688
769908
227273
517887
289848
926652
745003
796273
378540
904310
65553
76548
92692
150886
964917
265961
517957
136715
729458
562336
827735
937314
905024
552546
110107
97654
328034
972411
353117
953700
786256
822443
492195
778086
890055
358931
233312
198045
463709
178612
23997
6370
847448
443333
14862
624569
77593
640449
663110
410300
71712
722002
206597
425926
62593
360274
423431
82925
685536
949549
235290
606523
218469
750735
926519
728343
419771
968715
678464
433319
80268
965004
503361
634568
415688
459303
746170
597270
470409
792730
819764
953857
764389
281215
982988
451637
495944
666160
248932
484157
776045
954907
825335
187495
667049
990839
51563
725223
581612
803616
145553
331343
876030
46274
732390
241378
517254
26145
889214
882767
761282
571646
262135
386535
13708
955810
112119
515040
745129
787496
415944
106427
702369
136809
456355
676493
687361
948143
273930
406628
479801
613483
304101
793732
200054
273852
467048
230417
227715
250507
237633
29241
598541
88714
389716
332987
61273
515723
850329
9064
415402
567305
390062
336310
369905
670736
321040
929925
453960
557313
133392
314106
923402
780612
689127
158070
517952
678019
793236
896068
654414
950737
922941
415906
619961
413187
702069
262082
413673
127347
407902
66379
82276
140053
677180
278488
47703
215721
828416
861667
403027
972453
145697
284539
700937
645776
82015
783008
209153
444000
255300
416230
559790
379835
924629
216317
713279
912541
455708
992665
317666
256804
540634
238747
88293
729978
240905
800019
169244
64896
438744
581305
227742
256643
180151
590528
277727
16218
256081
358009
755199
597263
245835
330614
685617
494618
847691
907855
934413
280269
548422
724240
194568
376036
190237
930362
644603
54784
506812
113485
656662
45195
938150
138666
492385
805928
650781
47267
698345
164466
246294
256939
450706
315086
720679
411839
590727
767183
915582
585532
893253
977332
765398
698977
616328
730496
572334
175413
898632
764488
826588
340110
76558
530093
827375
213880
589449
999522
829441
665627
782127
252291
107103
16752
454787
312332
722518
722834
916487
612521
373410
758947
973416
271398
587444
56890
595859
401568
729463
127957
753731
712196
387750
336235
62164
430261
739262
644285
629365
363437
599384
23501
176536
451211
358489
512004
158090
310356
51249
69186
227893
415339
49252
84261
955065
224419
568900
576896
385564
798525
386771
849369
940338
814993
826686
986691
7277
985160
512823
311342
272860
43995
561691
328219
712158
800340
883883
618318
939849
321904
974317
3339
483306
677944
349318
888277
776325
493206
540490
903306
735647
807700
766029
638414
803508
410229
443845
969940
498491
774765
497402
926904
234264
469860
911006
147218
705978
934433
497853
899956
401577
993500
64125
258980
142779
520179
201399
814828
974586
725148
198901
78622
430823
433748
536868
196439
12200
90117
880635
800344
14059
108065
308915
683176
266143
573386
181360
18204
60047
47774
370348
520276
59198
531393
370993
423279
49681
397478
837615
698615
377851
451386
450069
129691
708471
21499
446450
520414
871204
953992
389331
274640
13109
46588
979682
920027
483093
531755
302446
714343
840068
575868
659202
688591
377256
565427
871477
276204
119813
803922
208960
335507
672923
928139
675202
453049
960436
978022
696221
114209
769087
403778
301286
569255
19733
599024
271719
534743
986608
344736
308323
197926
451061
95992
142462
226534
267792
758424
838894
189649
161624
469271
27745
69609
306084
34853
286202
236414
598095
552063
363066
399145
96223
669604
793364
754299
493919
929891
242094
717881
909284
835781
119029
659752
9052
272457
630253
414809
335984
966154
360880
312071
215558
934325
924726
820028
92175
189876
316996
279882
988837
497685
23691
885310
295541
980543
797161
451233
467062
6557
50438
783206
552557
718876
960337
679255
208581
425244
146305
992073
788909
536940
625769
407610
698303
467258
424988
392595
946338
947996
132375
227165
594242
412467
997289
756070
968458
703207
306427
734682
369921
336585
750301
773569
520133
418366
541254
415814
349813
583442
98479
706051
755794
670652
748349
244330
638840
110325
708996
276267
216702
156108
215282
677742
358004
277775
349709
812176
618723
839534
38154
993220
434319
682682
757596
275729
336529
669083
417328
877676
860199
572180
397868
399855
598924
580424
34858
396590
668061
950508
780539
819060
978748
354004
654904
645718
491938
998787
43653
807904
329565
313121
90695
123100
641791
531776
750498
958490
211754
965922
45738
445819
376397
531431
540314
21893
466149
163220
584542
716879
155759
168349
22821
542181
272340
561677
207047
673353
114841
445952
623283
17793
798129
713873
118319
890872
860080
280610
359811
626888
660646
136824
284454
104636
802898
13727
260648
843245
281111
875786
165402
760067
864986
132295
371715
306478
85425
308041
375551
108464
87682
942283
513845
319035
982760
517810
243671
698566
212277
846874
109001
954083
787737
903235
923555
524424
531014
603855
921494
600491
81759
252478
793607
821774
983917
738774
69660
262762
420483
925896
717418
773935
137129
694957
162407
187723
31347
603404
822681
91332
338499
338984
217591
825650
777604
937410
396204
130121
546311
962080
135912
602067
274200
188974
92317
243432
337624
289750
826844
821215
77113
265055
384236
217235
993010
708057
940250
379035
83751
838813
302487
49713
888991
540887
217138
695598
518353
880641
543002
964168
42239
980924
524911
880092
723566
481849
628400
437040
8204
539004
653517
236856
289696
422691
909359
862389
98343
52021
909717
83973
444518
248112
712045
780844
478192
849782
443324
904183
590387
976721
54168
959510
131729
916049
458253
864616
486839
60733
247859
619854
629300
308609
420702
111824
521179
219306
446366
597620
380201
199002
850708
968331
545467
358583
460162
658627
799264
64651
794631
299830
269377
50013
652140
432644
743944
131424
772328
827798
773198
590508
95210
981298
161687
916435
17116
114124
26696
392025
3996
785243
526099
241416
246688
556389
387722
966039
588785
843481
910806
40537
314547
492812
877289
621563
163443
779063
608285
434829
343804
701449
232515
867911
460088
694456
628949
567146
202946
575940
839586
473860
74259
485160
405912
13811
415885
474219
971828
187594
874200
76411
458548
530631
652735
260391
734828
38532
532775
97110
304695
889408
115627
370505
665894
101806
602645
103599
526103
139710
558192
15574
44600
253935
660527
295309
634425
861256
593208
749475
469702
214052
381363
132049
998859
840950
401882
595844
474452
857286
180338
758887
160305
72016
225624
203885
724870
737589
794097
811769
342376
967403
460219
291032
829496
671090
21008
973868
850149
523712
26703
861854
360231
763347
951839
767014
289116
455590
514216
497879
150533
644016
997083
515734
227882
865406
683087
550922
166598
608169
949289
964352
146440
386580
597193
315879
442909
244547
812139
549883
556961
514572
686077
944535
78495
421563
38717
950527
683741
154490
630317
771814
619362
726704
653330
993407
325148
15481
132814
970110
355636
219765
547780
456794
876133
134163
163284
910425
811448
400990
144501
968128
742558
311168
8727
683713
199591
189710
803911
263444
434886
351613
493629
679246
160506
242627
19858
192966
447045
866646
471392
733409
402626
604164
50142
923104
655448
230476
567859
376314
124502
120678
849166
216848
163252
227747
621842
838497
705091
548606
232577
766446
33747
822856
321988
237
167587
954273
75647
946553
449522
376350
584316
68998
93499
699979
119435
494153
897244
26504
722815
675874
994862
625657
807663
504222
954926
41667
960809
738076
616850
749271
947070
99282
853724
353520
119109
649111
780302
651429
789789
158036
803089
396607
816948
873713
606978
701731
471394
885522
987782
330016
682458
802881
317248
835989
414352
877586
36210
437684
309741
122561
403298
606569
891078
999847
233563
900905
581018
794962
762312
530111
636452
938193
130486
948550
541389
701064
273175
796387
489190
881490
506781
225570
355184
661217
211373
343181
328226
415377
508771
161981
415867
994894
880080
739758
634680
269070
774717
420954
477852
541195
5933
297745
71986
441432
278051
368113
77286
113910
365977
536447
889324
562824
338239
644723
561798
646166
845329
937655
851024
556668
570166
872321
361708
638592
944415
11372
947849
112924
779597
829906
880901
354386
524732
239352
421481
229043
243959
308344
223310
429343
805023
953132
425040
519111
704325
147964
993428
654872
308084
14099
364090
140899
573156
352899
698692
474517
310949
383636
722637
60537
319269
310305
78056
648347
344976
254550
580776
400369
883806
693247
286987
805461
961615
440110
365569
988173
178779
700951
942491
24077
268720
961237
312039
768557
939748
748848
414383
684396
893385
768721
25673
833678
212400
601305
208779
376969
164342
204470
737131
543526
84831
295203
846849
658619
111361
357735
179738
567585
185599
693478
785037
139173
679033
308729
174738
34047
955303
438356
212634
803354
752819
843933
273375
326988
502809
203238
684505
589500
329428
781021
358069
951928
214393
705443
757348
102434
172554
525430
589159
376663
292004
513297
296405
762119
324014
592573
118676
646040
732929
815262
663026
903287
715224
108570
188096
120813
543834
831540
677629
791628
708792
264504
129999
104702
754264
186550
425049
771505
599504
345402
737351
233561
777278
968539
893316
725489
174257
125696
264798
978906
583263
869676
94569
482992
529059
397280
612349
766590
966562
667242
247768
928912
653619
976177
181550
226550
869537
574308
268354
65518
495112
288094
409936
786413
6399
904540
245185
152830
380539
660335
482194
910289
327725
960251
600547
535162
499454
70324
773236
868657
578413
619893
451095
771478
888913
586964
145318
16445
953184
549946
129575
171436
761931
416099
355410
329706
992782
129017
356480
32382
30650
920879
706345
596190
854735
685974
667947
167662
261010
617665
220758
10355
343565
951076
331997
7239
441998
939766
309704
38555
769789
100864
280073
944170
537521
283057
231014
988224
858271
107737
428124
490479
988091
448354
11119
533697
375709
186141
611645
627853
598419
687588
504499
678309
252794
998997
7751
735585
600739
137167
813188
918805
90189
509061
262894
640764
59937
735786
911107
458952
81817
754552
274526
988993
55965
162935
178322
393569
415947
903758
464341
392830
514416
46793
246431
495693
397014
151041
763228
786985
362998
48777
535395
164390
2175
278162
34189
965510
893266
378025
878524
452454
91345
347235
626144
591365
379856
559927
908877
77325
951050
549316
64544
466755
856535
987720
973260
115943
309075
235167
795587
350222
917127
556958
783941
639781
721215
794668
799679
788655
545127
477609
660231
297296
541124
588723
558725
441871
442064
350751
420402
268066
307080
893852
118837
814179
165250
813519
492330
627414
168751
47446
260152
877171
805676
577642
144511
171120
353169
568535
381200
980097
827264
615439
536316
919689
239737
357076
569333
16800
194378
78243
416603
330417
324126
905893
445082
457792
437832
973461
70040
295004
460345
357347
499304
987008
625851
213411
991145
428163
535128
681131
267774
851978
139200
208879
256177
928878
512845
542161
356585
132151
631200
287560
843525
479253
452927
82646
260101
176828
309045
740238
97128
766811
789969
58063
177304
707368
89224
540346
624168
669506
559772
529798
514486
933903
738392
534393
812255
725993
5270
192492
667037
920960
314246
564113
91425
234639
441071
543706
348811
29075
669892
262499
702447
511953
916362
419843
626259
810492
586084
225950
758387
328977
371279
750402
78520
587725
646396
97415
284912
331562
537014
332040
733592
39469
771361
597795
600028
550769
889673
383010
944680
653515
999093
984301
946400
160785
950084
35153
221504
441973
441079
990617
326219
124092
155968
386231
466276
321007
719455
772121
820351
687859
611299
40165
437576
859919
470215
193156
188395
488426
810838
223357
509417
998751
451579
106597
538031
962234
285901
40209
833598
568402
699803
930520
25370
566487
856939
667560
394270
795242
488051
526453
726511
46638
535463
87051
326074
78332
573409
514910
696352
391239
546142
448709
131694
289930
682703
284536
852673
660463
829973
487567
459751
705161
56913
57057
814276
87493
751839
700892
617327
261834
143676
810543
809514
727082
492006
565799
464507
297594
183677
947624
937875
992936
367368
263806
545299
401470
782575
510192
823894
510881
668280
253221
982113
779567
944812
532157
988234
697360
417179
209910
6927
517236
680775
23984
421344
2795
808760
936693
984392
782967
387108
79341
437546
400837
164773
31982
998103
659525
380323
185751
680041
147639
672523
947999
557515
126978
7875
3001
432180
829853
902831
134613
156069
303211
940960
310902
682603
116644
272123
381822
450167
479328
625878
207408
514030
397007
334410
689886
491781
234254
562098
485563
23475
926477
580193
607048
141308
773585
793073
888170
280199
696206
87826
681608
834004
623763
120957
574888
982938
988584
844348
28500
317603
652041
551005
58484
94306
160116
751139
946668
862198
665343
658570
43981
579640
887629
932791
33471
220428
497957
573448
104124
493482
499162
611438
142964
14250
794261
90590
999247
416934
185045
138241
284647
708945
714444
570824
594752
852157
164058
5190
239024
221642
923134
178614
33908
975059
984329
843306
9163
421591
711279
659244
300158
564298
64525
149993
988699
585882
940958
97598
118522
626855
491837
781957
777355
337448
974615
611632
334393
681085
682009
529768
310888
667519
535601
408544
853845
563039
996547
610897
366184
69221
451736
8043
700013
212326
399217
57599
143252
306853
664885
37745
727297
280653
960839
430178
135479
466850
27984
86458
980826
772242
484652
790957
533591
76036
503486
34578
517749
501945
517394
54136
601586
989911
852863
950849
680868
201952
969246
34172
998274
246764
578326
690219
495544
59945
684330
194892
167911
384443
326385
743922
905202
924002
349112
673503
403628
176777
287297
203615
931555
490279
673282
436841
716981
527446
815677
701047
645886
23065
54097
33758
691214
278123
28728
796523
93492
76353
185874
10080
738437
477833
95147
508731
74035
64906
887908
845267
20770
604224
517101
314393
616758
291705
403583
66127
263465
894615
31519
678334
473820
130880
546967
671813
638279
654526
50470
32065
151505
205899
770218
486889
720677
33944
586726
401727
490851
2183
852995
394296
152658
508525
834919
122150
634778
578951
384955
482509
669929
339245
386752
459426
862305
244904
556481
374271
434982
72561
311929
360373
917107
953286
558694
615332
262158
194673
799307
636317
786534
731341
249617
8956
80594
24320
16894
474047
168252
94124
684709
698460
522993
995653
81212
473498
788345
910374
649679
687909
977718
586876
654698
678123
79
967455
210523
19098
973396
186070
580350
759630
935707
659462
359651
818485
926473
569281
27608
781603
803935
359218
608435
267759
883867
86066
419892
337725
80487
973248
310778
171885
981886
440984
786306
759722
14639
601711
421229
935683
218794
413365
969414
373815
491751
956024
801811
283595
771737
338073
77595
677054
15014
393885
52239
553570
962413
687152
994154
296107
715489
101213
899824
986183
339655
573649
444351
511827
147795
182028
734264
947514
407837
17345
385062
987725
695913
835844
518451
423699
159136
575082
371553
743328
913087
369902
267686
963261
634021
93464
592849
310601
774255
670300
740542
691945
104515
665266
151060
835027
897258
811121
24499
593861
117117
156187
687346
853348
904442
161860
796899
152174
50708
34397
875203
534578
745516
912248
455112
321666
751890
232850
309021
394241
733893
165950
686962
662471
812137
34789
409506
344196
684045
580154
506801
759953
997110
107949
792298
209485
6868
664442
233990
506554
301347
954565
372936
220207
963368
96639
873859
168426
488054
158571
600431
608037
265831
476340
436902
241007
79333
822853
967968
495238
487716
454342
489071
389053
197475
483845
688381
894858
590874
29633
712513
421331
573131
591882
152221
775672
422219
116721
867538
560548
67899
681641
738321
291321
779407
104609
839306
601998
515162
108035
182449
748261
481459
49228
983953
248268
785804
134248
579342
208251
438257
928829
51847
515276
747659
249662
402139
792232
850710
533441
590040
676845
921701
465326
72201
909117
265506
428252
380711
726982
560144
73815
91882
688386
731458
547668
129223
629649
886997
922811
78399
912191
926730
798659
213661
790354
816237
156653
212767
86810
806321
480789
529816
570621
515907
649204
851810
290288
677705
546786
317259
518758
866302
170614
497900
945660
218924
397336
170639
303114
646645
473711
900483
865995
185401
666977
466251
777677
471059
992373
827666
170973
120726
563166
451429
894938
631096
119458
775637
838097
883595
26699
689265
262709
995090
556149
274185
49620
581413
388712
991074
579030
757295
442887
458771
548704
500911
311785
860736
781486
327262
557340
944901
740471
541167
912617
62825
543652
753045
305453
848652
225869
706212
317798
774547
528536
47562
342682
382996
964154
709190
870072
717335
426301
871955
231429
378053
256068
60651
264325
121233
226585
764385
239586
575941
310881
695571
421685
469855
490970
548959
452276
196929
273094
967059
20253
875990
740433
162616
831942
385646
120516
672496
56016
404529
67425
119297
408252
833101
688491
161444
31175
734364
110648
238322
320993
681033
719774
381478
260411
220232
946877
626721
601645
775015
16338
214973
194851
98650
398008
237851
615848
551614
991425
826110
450870
920526
721182
275523
623089
594821
153040
860123
13677
133457
302870
39206
968770
373116
399328
163287
816923
367862
797399
668913
167659
638445
171188
989319
132772
770458
634597
934266
859410
872852
664292
461777
590185
719992
921335
545972
582567
217769
695557
118508
514715
176692
301199
799971
525185
590843
655506
589303
490880
660730
318026
937540
473940
138646
455634
792055
258606
866456
95625
548145
802694
435844
569754
555540
280415
759716
744538
146952
630118
550345
352918
804757
851587
954952
803997
901325
978930
425961
741224
845943
227710
891198
829240
392822
716437
253296
223736
683609
939881
265891
449969
710120
843773
583429
765016
254173
935271
941753
867494
283369
102915
823563
782203
561769
864021
548696
336144
361281
930261
967727
987541
844821
370564
74132
294570
402946
319773
426971
612384
330276
583919
847389
42004
73635
871605
378091
201107
874037
294614
83575
217949
112279
52836
90959
270099
704502
609994
263000
420761
330686
207775
302352
810037
56355
799666
79559
90510
496405
864255
896590
569352
428824
255362
933631
57065
678198
888900
843115
328255
965842
237378
593113
24875
234484
609811
246244
180630
112912
160708
806840
452516
207756
711506
220393
978519
645795
821694
943113
310399
714199
199826
138610
461966
199077
623794
384123
270325
919053
208108
856450
648730
500474
728690
328059
240655
881914
518931
384715
689417
297293
161080
299808
207266
652428
518781
131858
438615
603544
300372
628165
950660
843398
585144
906891
392483
365575
268444
664120
528016
689336
308102
880389
9472
859055
446931
3794
352803
113593
426027
960797
338258
699141
155096
25744
424429
852459
689769
910356
921391
125292
951381
612965
641874
980541
585263
156803
578203
543876
710229
54558
982446
798480
649559
217515
826309
711965
413249
307905
694257
755359
88552
412946
95733
779488
832305
306358
240763
651834
523646
468151
570222
628716
363083
565264
308792
551932
567575
406879
595445
369276
492734
303814
847797
829813
99305
775924
4064
655244
229118
849388
307393
451886
282923
846243
406523
83078
692527
589769
604128
342909
198981
291372
127234
545455
502921
118432
566649
449452
871965
677205
88706
405922
667556
745030
727729
247963
735494
318365
246535
140007
290226
38941
872223
490756
432507
495060
583168
595307
405028
735073
812786
932295
357435
134795
808885
228430
200233
541567
166082
737894
198317
428044
136258
729250
602359
339315
866241
613368
677102
287972
165574
179332
222118
93542
964423
209763
764656
685590
749576
596957
647703
268778
496253
850537
280201
865578
583547
366446
112111
706104
872976
207385
283491
181995
67381
434522
320926
226426
555517
665045
42792
375900
532942
309516
102947
693512
474210
836023
373445
925124
754746
95091
604762
528638
479098
282060
238844
63402
715638
689682
289092
262955
506374
344529
344075
150884
740920
959165
759041
251421
537527
423816
818383
807400
504608
688397
955294
570539
786730
499823
7219
673806
810294
740671
227275
538348
224199
429158
150381
354122
418537
880778
355199
8595
218083
46150
846582
396578
387814
914367
377133
39829
800176
85112
406446
468039
608800
928110
573652
735578
706566
691650
280128
575284
730068
594624
752938
382524
972865
144466
624146
989693
956140
664169
999973
513106
486704
383556
55424
969807
238075
367123
817436
930326
357513
56318
619300
833439
655630
485222
498989
105180
12372
917716
631072
443732
170423
658641
117713
520627
569274
477474
989711
561031
780997
676808
858047
807740
532657
848039
345031
525839
450570
584989
657786
698559
746192
659268
770176
258141
984979
153567
34068
716308
21699
498269
196523
986445
598659
766699
564079
762525
842285
53180
213286
581174
907166
950366
839030
378118
641552
183383
354891
82694
332851
757124
451029
332687
303741
594851
63686
765728
928984
173710
80423
415594
599649
898911
65818
194566
915726
805725
259350
575455
637080
482436
301432
522042
481102
789585
667240
657607
712314
370267
294358
654014
950927
770484
696082
753227
925190
40861
799837
625178
553108
646715
346220
862188
418425
308760
552494
163038
942411
113508
530264
23197
106752
683834
239800
763816
795560
270554
619343
340555
19184
292388
264364
816372
354932
166737
396991
468837
785153
888883
680585
415374
318660
856936
905094
817978
236211
486814
20892
533616
111538
259903
344261
187837
139340
268739
458224
72291
493728
694585
275686
6098
473538
40096
754017
904842
584953
149351
764077
110214
818453
322403
682106
107156
587671
565723
497105
654940
292559
562685
15101
669519
500916
867603
907185
802228
924681
458886
395254
624876
350345
885155
134491
764962
795948
578895
265131
133076
157069
589185
532383
807618
780255
574607
868265
458885
342367
139446
886349
485508
18678
684732
465625
710113
124615
444302
699519
806505
755423
726732
483249
979886
514602
737843
158000
415011
686185
528249
170498
426192
733301
19021
103369
200003
444142
997372
794282
289051
472329
116126
798197
537970
524394
987676
659934
465592
209281
533951
408110
79057
31254
944344
241988
431616
368260
233382
863178
445997
168145
573863
792504
548804
191093
181362
713269
317754
917691
250811
4881
5707
324197
776071
237663
661173
677443
772979
925431
536769
951541
245789
359559
258382
794616
937302
64144
272471
840792
448463
547543
588954
748052
528832
161351
456476
376539
45374
452184
122844
217195
652671
839482
513777
347719
272527
223631
878589
657711
814559
75653
575436
969616
684452
959356
274847
457602
43549
80550
89643
286044
613859
576285
524419
112850
204451
224216
207008
495959
685262
352294
250117
634804
473749
626903
775147
69852
653162
818708
407366
385201
869708
298617
365855
607655
616299
827280
674847
220136
423679
753910
52604
254780
258476
450514
270403
899569
15593
172492
54924
663777
671223
830575
454686
397445
333673
196071
724208
163811
526290
328725
77814
818638
711495
868212
241647
144898
359543
887138
594768
54326
741420
367904
604171
260268
133062
842160
814036
325331
227240
340102
135503
674995
504725
544493
26746
199614
186942
982574
217153
139816
980067
636630
958596
942203
552507
777471
697366
113368
466409
199524
384350
122168
86520
554129
896622
536582
517980
303666
900902
873080
551911
453613
765611
287334
516352
661785
670629
268260
540480
226437
945544
246059
11198
77601
633208
395847
315976
792722
567149
431774
265747
605466
505832
256092
400841
454091
279501
584456
533963
978494
209167
684314
484408
173108
256203
318315
404674
249799
644970
876692
621949
595156
715699
58944
150219
881130
24698
344312
986933
740636
618861
887321
120210
804013
28568
912459
697750
763035
570649
716560
737939
969991
473349
989014
820720
540341
183985
334297
779171
337417
895759
524212
669396
774928
929452
387152
626759
610832
736108
973757
561891
689130
409759
30619
979465
518309
424165
610662
623693
883548
842353
289778
381506
419429
337590
919400
388673
770594
453386
668411
797126
427086
330258
474048
320335
155290
291496
995249
376580
779571
506751
483342
435930
322013
825956
319883
958383
862329
442433
346051
416195
224088
863462
927123
572699
131293
1883
19156
55376
190346
15994
214590
381502
775487
505813
150929
697660
305890
636175
22193
319875
673783
281916
977810
16813
475948
823313
694981
449937
4880
952463
243148
573450
502539
611140
913280
780332
540933
565908
161522
304230
950056
757561
982702
982552
400244
627059
597333
660048
39722
590986
381177
929151
303696
837994
756741
224325
761582
684587
450954
352010
153918
351938
557396
987936
215518
778162
512682
536211
539924
655962
227473
202453
199030
656857
666580
401548
507493
300315
807280
449998
266748
544332
265814
788931
328838
698765
326683
43109
742609
626764
746542
75273
497245
168996
918894
392163
763190
862241
630251
633102
314414
925593
978370
344577
308610
757702
232305
913858
99888
105500
134429
462920
907212
255580
15455
749463
624823
179622
181188
14772
980602
82844
779397
674887
753933
770613
342091
34253
307965
919324
324697
473187
473771
915324
898416
315185
887601
410320
366213
6571
916133
873914
20320
179153
710267
159623
488076
602468
938710
980792
959427
476408
724285
297058
549873
371746
244078
326042
167564
250951
89137
133919
835296
545344
946439
342355
513841
153366
142183
804447
921632
896221
266651
811176
967310
800798
683542
464160
71690
450648
269358
114285
224385
554784
200452
58670
423405
541342
370474
522787
548275
239514
709943
298900
792975
998068
409642
953057
646158
330805
479415
821896
125199
777873
447897
200771
351479
36290
750623
614215
274081
159007
528664
555003
468490
498288
331808
443164
162992
33482
372411
48773
811301
309149
121034
769563
869500
137056
969879
410834
719244
667786
125
920855
133071
557571
172164
979731
945498
652755
664877
585448
226070
899752
208439
874248
464989
232169
766598
766004
207994
418900
360740
121900
31658
831427
633465
428811
982620
36963
996476
289068
923828
559424
506366
940476
134436
593684
530360
584751
792873
450383
598585
911309
426007
244318
578754
295841
881196
602635
904574
701549
823244
729366
117494
358692
422157
953871
230240
918323
936592
451381
728145
631648
580515
212369
334600
589913
803427
322637
494365
385349
628572
241444
881620
438327
498027
395295
815130
446271
344193
146465
929814
859267
690391
639657
414624
772721
167219
453492
508787
829305
984898
864054
877934
169583
870926
373296
343124
206113
9426
146704
134957
244590
784703
153688
904130
179915
874333
103996
512443
881725
786161
286433
117376
703476
76170
104578
232728
873557
420321
640863
290720
976357
843843
779121
164550
433325
30440
347564
966261
562305
891017
522996
540935
161818
216568
721439
47603
622908
765579
746179
892769
218673
863958
256033
293095
155187
928600
597744
890901
51061
130874
669440
683086
541904
778735
70906
849571
582324
921826
91617
810073
160368
250445
759346
559937
23174
802092
582806
11730
967904
854179
28184
619389
990669
887565
331133
796128
183172
469841
270141
148678
514920
855423
692259
816033
323136
461948
627584
912394
605951
351724
490152
878726
227143
869503
530195
112077
363185
859149
782647
291971
928871
678993
101645
126843
701861
23061
617776
398422
491883
829101
301256
656388
291465
506332
737620
122855
790802
1844
276012
17279
21195
808088
693058
600101
885026
706674
494194
81073
878833
943549
768405
353175
94057
380474
103160
959464
139871
292476
989648
885231
478874
720906
259154
224975
741902
11395
801384
425726
878145
302132
325906
969853
224169
451930
327196
516465
152775
840339
135813
71191
652844
406611
239031
581642
748678
374437
80131
170503
698154
986465
921325
130754
802187
402342
589108
443807
989814
108770
50793
383671
847068
380388
921241
952381
866576
959030
188054
382476
221522
324101
704750
203365
44485
356448
39401
39769
65732
471021
895429
260676
973837
850541
157596
354618
212458
771406
649497
28538
65655
54980
980483
47997
412487
311872
758082
895867
778380
513293
335603
766243
551625
189056
24156
980139
765715
954795
410827
330664
771470
797328
291263
749733
724873
632773
292700
636033
962552
415026
840615
933734
802894
526444
559028
220931
983062
83443
327470
855401
645854
700218
974336
714533
875172
203465
647696
867441
393493
749834
50607
622343
468295
865092
672045
773553
958130
74851
339849
521628
384059
654330
200375
813814
32737
292143
740576
798311
822609
478199
103426
150521
824980
144138
197391
679003
615530
356951
602375
455143
580722
355739
568483
633905
550506
9483
304011
784759
750968
181474
764626
336694
123792
922685
521412
732510
977460
590894
961960
9329
980627
342134
113084
2265
728297
932468
932104
93169
567048
526448
876799
333348
145796
499321
201347
785924
482950
147938
983858
906822
318758
993737
178636
290421
928309
684265
350006
841727
223114
195028
892636
859250
324844
445448
405037
189290
101514
591932
832751
120193
388911
68635
558581
507242
115192
919043
222805
846030
684649
273137
13584
677067
697682
885876
335315
602893
628775
952151
551980
999340
785331
45451
265304
677628
135830
554547
825172
417882
221313
845037
235871
599597
286665
941059
43634
387166
810728
826462
760963
561249
883669
670273
236113
324722
337984
364618
759685
156411
241144
406910
221102
104039
469368
419091
230441
416407
811675
605236
191923
301101
75115
380275
725585
745321
952958
238214
597131
786903
601042
255899
928774
47829
727845
423198
145830
806901
401586
559866
383927
53697
613853
62792
886228
861240
508616
685888
383444
491772
854354
574857
503581
444635
485086
502664
754931
2
978842
698104
758392
87990
233626
231455
214956
832180
748709
677033
291018
773900
313264
316262
751547
877568
124231
637885
125304
685259
291592
925927
101538
865959
712256
829750
613641
278218
234798
842321
780439
443112
321246
994991
616437
239855
980155
839388
63769
99248
343253
207128
664715
735185
355026
292656
721689
728106
717814
559753
425657
153240
796033
660306
243618
512985
550230
633695
253324
72503
236561
251247
761729
165063
312159
407001
692954
777892
956961
292588
714148
158419
781340
532742
247719
529998
45769
616543
618882
845067
364278
913117
504235
420642
532434
849836
916077
941071
71504
187181
805049
338474
175739
131444
776848
543333
206339
388156
481147
600000
788626
981261
752178
443503
581900
133993
750668
747511
146224
783065
159525
633788
74591
266264
228284
964716
341679
103279
19204
994042
472024
886561
181953
412704
611824
596840
536935
799037
520890
532645
574039
967929
984105
700369
631605
32087
948607
819253
640109
998083
783708
701908
458104
818529
681506
129498
366338
788113
117753
46555
50893
233955
418924
116861
341998
702778
171691
599084
511321
716976
207918
912142
570494
782754
564382
301863
432461
651863
498389
809103
555793
223676
226066
785535
572412
939256
916617
349707
948539
750087
815505
107697
677879
921859
237821
229486
258184
109840
158513
433228
153153
518450
288299
48182
653018
812471
215334
660208
216716
812200
403947
951685
936951
412804
509665
933901
690188
413614
801761
855875
391150
503189
782779
559591
553924
674439
942018
951413
466128
191716
624171
750535
487290
936246
978305
712696
854045
454203
215390
230505
530154
515901
841150
321929
893928
680145
653881
585676
861453
294437
159120
58436
712827
222198
107923
712655
859270
438360
286584
295435
964369
710703
987976
347934
396720
961282
359151
86215
729649
726232
149628
319704
336879
969856
799982
474489
837129
2222
699325
310382
402192
402381
368135
882180
814609
397104
910934
754951
138783
774708
459681
557873
715797
173571
391606
548489
885297
904010
917497
381034
448559
289425
251707
764781
940672
434985
48261
827575
819370
751193
458668
837920
867530
101566
926260
637870
972598
674110
992301
47076
175601
58315
443126
650604
641
897836
989867
22389
754488
2450
124491
217731
997180
666997
963445
197813
247841
455731
759586
911799
552874
545632
324951
803378
191105
334278
586926
611607
998334
109737
918653
892658
147360
998049
172356
782670
455098
491201
558462
625579
979337
548473
959968
205723
574205
981064
527477
282334
693406
913910
148054
313057
296121
844385
336950
254774
379949
603700
635544
607275
955704
120569
627469
442266
360289
246445
310088
826845
775649
474170
133434
553522
18046
258246
554701
6757
477301
571390
338139
129407
192811
60540
733728
646221
436462
522208
303647
103863
483827
4050
608396
777121
457043
921483
706195
391282
480966
534011
540307
891037
39315
145079
872255
431923
242972
360683
132271
107038
9852
105856
201683
953976
511543
31468
501927
907662
260053
72628
404641
910634
472300
717416
408998
773096
941588
203147
745128
38930
867924
730011
733847
71843
144828
413099
878986
848671
385714
784356
440163
744788
347559
347859
377893
316150
7622
468710
321362
150713
284776
323052
935670
465779
181121
793091
319458
929675
898288
161861
398233
263166
309406
585356
899548
223834
423470
733634
845075
939557
769399
617783
711532
358146
622355
513929
420537
943676
252509
761006
745162
621845
831505
35094
609761
913440
417370
823735
6507
624607
324607
633207
28839
786950
901888
205337
574801
969436
670995
288532
998642
97899
697020
185337
345895
401880
228669
887558
402196
498700
583678
502060
510198
815910
821967
782088
630833
192469
914603
469884
291844
731261
559199
658702
679997
689281
643429
826144
871515
133643
52027
753987
172855
465803
456984
959420
209815
924426
870957
302672
343350
490835
195630
234042
978371
683499
742949
44516
11117
483255
279908
572059
660482
89063
66523
785696
393342
76119
471545
864085
975549
341588
355165
405870
489646
164845
102573
527712
786634
309440
476698
753
654507
754413
284595
696242
241108
616152
249357
73754
391183
359845
751383
468638
170019
951377
423458
789261
135377
121016
401004
246803
243374
523025
382988
486570
120942
484089
473369
849059
109016
736335
348343
502202
654858
231199
820670
273226
62585
884510
390995
216276
182568
949699
527816
968148
333028
914418
927937
12356
197535
90035
611274
747993
494009
388966
991869
677625
387128
4882
897344
618200
371825
236458
480950
598322
80312
140566
167287
699639
655520
891897
993129
412435
452799
130640
837596
594520
354156
802816
16815
599285
456787
945483
470829
328293
238248
116228
472884
205095
651688
36977
34155
526515
181274
271889
150326
539387
584699
438086
417662
421261
347893
692888
62052
121677
898768
791382
15314
300677
453846
168680
763546
895105
852645
991104
496725
986949
345377
553471
979224
552143
822169
304772
772745
518580
327829
700049
991923
273494
389012
191589
716268
298136
560557
973974
483706
301046
198513
281549
763791
469555
283102
156046
201901
412449
895531
710773
662567
499138
153834
419979
654027
959006
499253
390678
73308
596009
51302
648550
101282
493903
351483
928591
458152
318862
920153
614188
317948
868538
675515
811519
337061
277981
77226
939565
748297
271671
78961
329950
189523
566380
775405
920318
542175
537688
7501
442036
556964
469364
408635
907280
336542
189082
392850
446927
265652
128610
744872
8467
679251
702456
665861
253854
819128
566923
767945
685839
527276
654741
426473
138992
137341
79115
898398
10002
27206
487143
263682
320769
399870
709474
381836
653789
636348
907325
107497
151204
836415
513791
491043
277765
500807
681055
170228
734209
500317
447011
348521
782550
578387
291689
744905
805242
710624
462593
493562
987145
699122
515657
396071
382506
806668
662832
941308
945800
759128
757583
392501
626865
964952
848664
987131
202152
705911
241454
27198
37448
476784
785601
821100
716540
897721
170401
366017
585805
474229
546148
279721
310788
763682
343205
732494
12176
461041
82974
467352
942328
186242
683629
974121
959238
622465
64067
616231
935134
99704
220943
50222
790891
570079
844015
171015
274299
537581
293454
577206
812518
724104
873002
548467
241460
73149
346862
881105
350974
881883
300950
135450
246550
347751
969752
677870
301978
426154
301065
615557
195656
57797
627124
630370
800870
704049
858301
779817
188284
897595
484831
623945
838156
319169
372210
672196
439900
428202
7039
678933
181085
639441
572681
382178
134300
716744
359915
6203
402336
552591
493613
244477
271754
167475
849127
736084
415997
279354
805799
645501
365414
567330
939997
574440
845586
707145
421203
793875
271743
475801
212681
197913
378805
218786
480038
647550
788013
100026
225428
64448
115411
864527
52509
65306
901817
468316
475462
535845
431994
480062
892327
715953
610856
993933
822412
374879
511891
935794
881459
785381
962553
786881
799902
688564
237716
419820
710518
546939
19951
513846
900178
493497
776775
275092
286555
428108
555659
434164
132996
441002
753009
103170
570540
857294
671229
943508
607434
701473
332983
90536
654371
603060
807411
429284
600708
675687
657826
278523
491427
318763
485666
820068
354400
215289
927075
411720
501638
13707
721770
367966
386379
170003
914942
615734
767448
985693
411520
52295
367606
685245
687786
70400
978888
984446
838279
349653
681307
445063
287708
751418
817821
544362
390436
466412
807000
440424
250078
183
157300
454486
119551
106990
82847
843388
600531
709286
390276
170087
434459
105083
143277
342953
687482
397634
267585
741701
200151
358111
506769
348594
397582
741218
866397
798040
284588
250620
184385
466872
22970
596245
761483
268274
882977
52924
194663
811028
852223
356454
418131
521719
861871
799958
334060
59537
683257
579992
669069
874398
136557
27536
703290
808321
596333
568378
21546
776763
720447
780486
61197
528162
32730
964319
133298
331559
133475
898620
29721
240642
460182
353282
637479
573732
923526
453661
215802
797669
752740
521253
568257
500560
988785
601702
937146
161621
227884
478081
658939
541707
738309
582998
520590
866127
870498
390475
862076
856272
882233
377523
49229
186761
161025
630558
875701
27887
373644
967359
133271
346430
905310
313229
455266
484037
853894
316240
959617
487447
222559
354125
943183
926644
595627
310405
558587
389567
855120
611392
755733
324445
400762
578471
985688
423227
890063
553661
117988
49641
949492
145411
504227
17378
595818
104255
831230
673069
875250
59059
692979
668814
973977
611143
67052
156735
697676
56135
349828
581738
392696
225801
363880
350190
711941
504284
28533
427741
435473
425245
545862
772687
531373
193241
687412
111165
505272
379367
660395
532856
34000
37826
288509
874331
266267
92008
942853
571124
154617
42854
725834
682519
328310
553500
998924
784705
138574
343947
940933
911992
768905
272352
855250
198660
23863
482355
370867
682612
472480
364875
59239
952017
583098
737538
256598
875729
792954
132209
328136
252135
911244
375478
666498
618103
218417
691909
82064
255503
272150
231163
487758
376869
420469
598986
175048
501725
377013
368686
149806
789188
814633
816696
665953
26392
691440
699237
580725
46960
424975
19142
300654
743882
740043
474008
409663
720737
534192
675679
187568
153451
770718
731391
793481
903094
187316
459948
456546
657856
462689
439896
359357
171663
775041
658593
539891
11269
758329
281926
972548
979377
870143
385323
856067
598832
404015
633341
46410
412084
259776
780750
724513
462849
900826
297068
36852
890444
224755
247985
155177
225642
975865
481296
178129
685093
949895
288467
120608
243055
493170
862644
806101
155129
250862
183498
793574
143656
300821
799218
31980
533066
360082
439189
207727
895214
724464
681504
58346
131532
442474
247910
499704
743925
3324
805436
410903
856904
564443
220360
16016
718797
260854
978764
908443
176217
518183
766659
142352
739767
994050
506613
924993
3169
806895
585096
603792
382942
899985
153842
780909
771778
453231
634806
249198
275572
648488
196956
791410
966132
237559
401659
992569
27544
196885
88001
850845
942547
290983
682642
136506
467684
844712
261006
96350
593875
530014
573465
314628
623059
27141
795992
955014
792771
204791
91987
727617
264594
142635
797932
235398
38468
486101
419638
894130
776042
311042
279425
295162
306691
56423
106182
257586
235127
400764
231511
794289
296452
701635
291774
616669
864696
560737
847787
338223
892673
958792
199043
427897
702757
347328
836850
368875
356833
678053
369894
378415
335395
413800
471146
156689
966002
208995
577514
668098
440932
248780
675810
25013
18896
223857
976903
301185
273160
819794
944895
379455
558188
719286
349419
883377
802140
506727
743678
598887
901190
244138
620889
754003
789229
623658
360324
131967
695470
889700
683198
682114
415752
523760
859173
742951
342177
421867
903192
655919
959757
815184
548731
34301
599486
256119
125645
764009
738362
881113
924323
824459
420295
412437
404869
256696
932520
333435
5616
213336
573545
982741
432368
974516
347227
255732
553480
626631
472740
395651
461120
980076
548055
690013
699367
349921
937624
237928
903232
840857
240369
818901
388871
676155
777334
356412
239590
536009
752494
335098
382564
360983
263289
504144
183617
15173
297337
241192
250748
179855
538262
738081
605707
58202
485605
694596
519657
806001
545131
312616
817417
949662
692428
469253
889744
33065
783338
627816
81906
576860
310494
461335
861118
263201
587539
388848
320992
956754
595862
37361
656978
435246
730641
503316
146923
585767
638692
949271
536337
77939
206376
946816
443833
672689
512977
116385
970852
39743
34113
47756
292899
276516
360427
579231
138606
443089
515848
482103
818475
844089
177867
906763
996804
298517
269866
750552
252449
892610
850172
760793
631240
118938
594025
127105
951119
502882
121779
406913
114759
863115
663991
281116
520912
942020
419427
118221
668229
681618
961358
399721
776595
674819
677689
990158
404108
668813
465124
132055
892051
168694
132420
254324
180033
101125
569905
647612
602207
654997
797047
926602
531938
101136
83891
140541
640935
388374
826228
858847
817618
149278
646451
442253
597739
257367
638974
230606
855011
321734
899778
637076
247577
987333
402213
338864
749574
41800
989311
86533
316913
14383
912604
740400
334635
371482
654914
556595
770816
106686
880407
273981
891534
681124
475571
433681
627213
817367
666591
82016
823874
85000
505424
624998
536411
415675
243645
560728
271106
830004
240725
234185
563232
188474
222181
777234
262944
629066
200482
308354
77054
589822
918338
362732
327951
974571
119466
243074
47339
45760
397275
544276
911610
607245
210114
729224
564909
465764
685357
130690
52125
433967
445442
261801
265665
515365
374839
887609
708081
479853
177931
598480
430827
366994
689342
120937
279827
464640
624670
248537
778500
197908
732967
169339
43890
735793
312967
706019
119340
722178
650028
812378
314380
245473
161069
724465
609014
333130
651721
597788
513416
769095
575568
881683
172852
206017
568835
455935
543522
556629
812971
936971
487757
521441
32715
814926
145533
90857
448767
629466
665527
894232
405384
131783
101143
307636
73440
206255
306802
846775
286895
523149
20709
690428
459884
92095
790847
487169
324375
655780
693494
257687
128690
881884
562045
558961
316959
130270
837441
85074
564509
235301
320546
437730
947301
838555
690371
843381
643066
986345
813153
188732
53745
739357
268521
89995
546994
579366
178651
458051
225191
250306
214802
585488
460866
753269
341654
995003
769973
799212
39377
627091
340923
102755
506237
945268
144930
975464
142014
675029
305043
708221
257088
894405
666738
401988
627173
614748
489852
741456
491598
931855
939129
840577
267627
658033
327134
120198
933890
50875
478031
261724
432058
408360
622350
209864
307119
174378
805607
602494
786445
722731
344366
200857
710445
225149
881129
503328
785805
257781
970
203405
37499
431749
929715
878227
103309
540834
466760
454281
984644
71710
583478
192719
349735
550177
736389
181723
811700
819624
772930
790201
666264
588038
451627
211887
342812
441375
960342
182841
566876
350273
740988
975585
533265
920371
407404
776732
761548
915716
945353
533866
479448
52467
277405
873201
167172
367644
564878
644813
896409
22886
67043
537872
746102
340852
720708
480265
247857
7948
442415
260957
562186
446101
864371
452704
175468
788263
927483
490498
192756
908642
279180
258439
841114
45682
390525
666822
542475
799761
815824
737454
303990
255637
519519
263815
791258
13005
706883
859519
899559
859257
100118
749099
770782
405607
665593
947053
97986
702063
181753
771611
72562
937936
436509
989405
518400
450160
919153
246041
273126
867542
109527
183859
146277
746159
901091
272909
237262
163577
757429
222701
456297
707129
695900
430797
929548
548869
648816
479385
185526
383977
971849
198779
241210
459080
7413
307433
760170
235995
220345
287430
974324
257674
973893
710172
840715
956388
645421
571549
547563
162490
518442
540617
300896
232066
512060
61488
959005
290452
135429
411670
700551
62832
535634
426825
417492
233364
299731
99352
674139
664296
706563
167707
624865
965835
829403
850509
109493
715839
943496
846688
584221
613960
707912
142545
354865
726267
359919
645479
864554
372511
325159
889701
581213
155680
691291
627820
800230
32343
11273
305965
987155
385361
491381
69979
619714
56732
45847
510063
696415
772025
162699
301459
820799
601455
157887
898545
593200
427747
519380
822689
15694
743781
286934
762828
124073
59789
764680
779790
503358
41499
942164
782856
692459
122742
159188
141937
478409
779126
987051
674655
639083
663121
863737
334210
701487
109437
351774
378637
854854
572162
405795
377527
381069
755657
859904
229358
900068
30169
42627
430555
743284
83100
684932
36826
633838
929210
45107
112311
150203
382366
841386
608267
87141
705018
247441
696910
170399
75552
157260
557820
514400
195058
310784
670837
142156
802627
914925
177381
889226
648126
405879
757679
83282
665239
324476
598385
660216
126015
977855
809375
557316
181501
397166
7887
77999
271792
674544
859863
108137
952623
930987
548778
868896
461894
891136
667662
395375
296289
126887
476730
642544
175981
15379
251546
181690
980335
875154
421536
476024
567756
324744
951127
406098
10251
871854
802727
347366
185021
279847
618787
141356
295296
23601
400548
225084
200798
179987
477504
934615
153948
957586
407299
520412
204436
639313
788524
620148
83124
10450
898893
81541
651125
385544
1665
388785
770118
736905
330578
572226
174891
123822
462302
338053
599557
809082
57055
652596
831259
209523
477407
221527
416368
821409
675567
516951
791261
915787
240653
55901
804959
691314
839834
73330
712046
172935
700924
214258
535857
22161
863598
634892
868184
806726
224571
423418
204408
4195
558875
643638
788661
453878
166640
417993
13872
647365
530006
197615
67772
525708
96917
765464
69807
664424
782186
34815
800220
3411
376951
200476
99754
415813
375384
661380
176408
344281
540896
11457
218666
808208
478011
732894
219194
906591
926228
193170
907887
218088
602773
100039
902703
950380
437515
694804
914771
806097
277606
266407
928648
310424
91263
475058
683642
839037
292508
834197
962673
88495
759974
305449
292838
786196
593226
494543
662561
509303
617085
71563
228083
545703
861994
273754
31986
533412
590259
371627
965565
371648
388953
672647
380031
417869
400523
77841
710030
934803
326033
811689
843711
852743
142883
939861
350278
124460
747863
941020
413449
904462
479484
818429
426890
592667
16276
927043
673813
388642
771360
90923
918547
804803
617003
9266
642461
301581
143798
275576
48461
652161
33294
459595
779812
887044
425448
128093
621608
756581
657160
204040
991033
985091
645867
403258
103604
2456
343056
114372
656766
611525
297162
835310
387469
423663
86526
401716
851815
137714
746353
780553
600905
166798
439396
507750
725212
830066
362134
144104
568026
788879
927751
556741
28812
385308
724356
272325
336835
476458
474158
987292
236697
328430
55663
561925
878869
321084
618058
619460
380759
594994
58420
652445
169550
760918
917190
387087
779282
542366
241718
68903
109717
627740
93938
196915
805777
848330
650398
646806
921133
848596
985222
123432
110758
146901
782536
443891
854996
955110
315682
5420
219357
289734
554218
826643
761701
537334
323277
816731
231987
465630
158417
174691
819181
14203
107690
731327
419134
220159
382785
324006
450222
87872
549884
950436
745071
173305
134651
975592
213229
638835
703220
642048
416217
384175
638256
642629
521894
481129
647593
738886
216675
621
559144
722266
815944
912158
58946
703953
954080
731640
69558
137622
365345
987137
971014
830318
732634
345194
611852
349694
456671
685873
686212
201803
806862
957558
436194
622803
100122
488695
94200
844195
126524
445434
339708
486301
159152
347919
312866
978210
566935
517861
486006
665747
795873
345001
39779
786934
808210
42741
282116
731781
842914
190308
761292
608553
174338
933313
141456
40778
990549
252176
329044
682999
949603
803385
90040
404441
671633
638012
890211
904683
720537
486746
586111
807488
107418
284927
12957
843390
174714
800211
391878
141000
774500
518584
135942
312276
9662
640974
323028
973431
937056
344719
873210
716319
546466
828765
129459
192012
781344
526472
851022
740599
61589
646023
140075
529089
478833
856833
372365
147381
476562
876183
539787
631591
383915
302885
811506
910878
916645
313768
948861
858530
918448
209531
252693
357643
250158
628863
12396
941678
460133
580153
568102
239363
270851
748359
182059
913554
944987
250535
998907
12491
58236
795551
948840
385823
436930
812972
103183
818898
395078
537902
813477
560128
92236
998126
166325
133050
731376
894220
754896
957806
283401
269854
825387
311403
492546
944317
259786
33360
832575
593292
568650
327345
443106
768230
661448
445316
56351
132640
835482
595216
537665
723219
792831
407291
869813
957581
69659
898484
221220
879531
366178
51234
501521
412479
527307
214779
771848
194854
795250
479096
610913
374563
154673
91516
214772
855625
723002
820513
302184
374157
395724
747982
919877
335749
934402
779871
579395
739049
918425
156566
91242
904761
849494
863439
593017
426926
687631
814874
629372
382336
770429
436565
488594
331264
97109
998922
847850
796821
479667
842837
5116
341368
236803
329100
459931
655650
717228
367758
459339
338108
605747
5172
570617
226594
249051
822224
602632
313673
341481
546084
980002
45334
145298
39167
283466
525105
550511
419152
288074
579998
787700
336828
671851
51428
925098
720860
922858
318647
926504
568799
754218
873981
694792
856843
86762
420826
389252
79976
473191
889578
682293
923102
511678
707585
994182
909325
598661
384144
849928
356364
962734
864280
39277
176014
607140
354778
740969
304514
481203
368282
843107
363204
669844
815096
818938
118390
796624
493900
808611
707408
983011
596586
207060
462539
967678
886123
251570
240462
163468
374714
565029
469792
862576
868885
449667
607429
573206
787580
572628
781368
294476
829070
159550
166198
298703
597159
938546
890265
591575
423196
432628
582297
510335
990119
91709
956870
53015
651300
939243
597660
348770
477001
514551
161287
441054
427076
447605
235117
604359
683368
893277
93625
303913
316556
723365
995879
495009
36784
285391
884206
7018
523642
505172
652922
867377
698861
960554
323115
516941
264665
880142
986684
667155
361966
446554
502271
914041
559177
663114
462267
696560
400350
15702
78772
842490
233010
823484
3019
884511
311355
607433
774345
593634
452271
442406
111900
776735
693206
895184
706831
545468
333645
669756
72131
676421
115471
241434
309065
927560
359677
797967
668470
450865
287970
27370
244769
901048
795846
270037
561567
439364
418644
984280
779997
13830
158625
79391
14052
907435
866047
843960
841615
605893
509182
559125
150416
582302
75716
991497
204659
951508
550787
158149
630572
516438
629299
651002
355736
132358
756916
753532
224207
957749
122825
65524
790532
357105
582831
529112
889756
296925
395082
599522
352295
510531
110803
423902
870551
590041
620237
763214
889291
918061
164403
301877
250090
774938
615665
606424
283028
360603
660453
299264
276828
925003
371383
312240
39791
407551
621894
657364
723173
168837
84226
555869
578501
284096
390941
258799
756849
871582
380591
509763
174359
928137
77344
748750
279971
614304
789410
602050
25791
651842
750571
118378
547040
311539
661416
652781
146403
807283
832685
642763
453397
136834
617629
922100
684604
83839
393631
516514
345034
799896
641311
568975
217010
877598
881590
813491
386457
558438
467139
421942
636699
810105
713002
825269
726655
549803
730770
2937
258349
651607
925404
275346
112952
127690
670072
336279
152773
853962
476933
277306
426457
27663
341218
577505
742575
249031
879420
677815
484969
319601
462762
469324
848025
266211
884756
904791
209003
269221
329785
608842
24085
963195
177797
919179
285497
222891
366924
549263
115692
347552
988660
97376
366886
631666
3105
465568
338018
711000
618135
647369
136183
933801
790897
119446
32753
981927
98841
705027
208171
784179
160452
261846
316778
760499
328396
265759
200499
454001
435200
807850
628271
19766
983764
306433
535098
221007
44787
307100
75095
724794
97727
881402
314951
907433
183765
275941
233483
419399
548104
868129
629678
905348
216231
585211
688554
796894
175893
179431
479701
311803
882532
546767
626622
747927
421682
887473
836092
137645
446334
480932
971673
772956
43839
795891
863084
987157
415173
228587
933483
467851
120448
729928
788951
600580
751117
175111
379846
233213
201737
877406
585108
99395
699907
165715
80214
162504
364693
395933
104843
353774
183579
834192
792691
405526
951679
982671
353166
561223
785404
156268
767596
768183
608856
30852
268484
216410
626800
28281
921414
532881
383080
976017
565922
352494
787257
843384
403711
726422
735068
157668
206879
403639
659616
507445
711297
76600
961100
981346
19258
751792
791583
937626
837
342446
82730
544549
578960
583959
60221
891545
28433
353635
970564
733136
497544
992570
529961
865895
375745
638349
116247
572982
938919
510500
459594
302283
506130
603105
569868
417900
167336
601770
18862
83049
657866
434887
104863
28312
712713
88538
378067
208992
486012
165890
422432
969844
114352
270021
321760
80840
602878
772358
981375
170111
521181
796835
612654
158225
25913
14505
348201
18585
929644
728357
352688
539987
835396
729087
299735
112208
122584
66795
969419
254130
605876
308945
983391
986878
354297
843396
551090
810924
8262
661605
845346
858424
866396
66992
880623
839784
662183
572122
922961
618064
632991
2586
436870
312162
7147
111797
434553
993572
952868
699988
333664
679648
286040
222445
120295
945566
455186
563103
869754
744583
654661
485526
484967
442944
623258
557528
176836
879204
75457
198348
964684
305126
661185
107467
922888
479526
605038
991520
880439
990190
144870
815309
61392
725535
221464
419381
771570
744208
125135
813721
884749
697960
857645
710453
860449
5617
217623
519439
365034
122596
711164
667905
46972
859172
948558
937802
455955
97241
158560
199776
249236
574018
471889
561541
615300
69885
695780
67904
961339
667980
503982
362751
829763
234841
788137
650895
975233
930716
575141
713205
312233
74800
544075
341993
362873
617763
258581
762884
674044
661016
739756
877427
112434
798009
983094
826634
346873
278700
984339
435258
864734
710742
88085
587695
233779
274791
100002
790767
323935
439942
503264
523806
771209
757528
748518
297954
667705
111346
267081
251523
428853
691948
342299
900970
432246
394779
302566
698297
708580
683414
473119
311804
186128
247698
749949
585816
220519
489487
956532
627518
812110
12745
332618
920621
877585
102269
53349
835222
268050
827069
840038
944214
728938
578274
850203
925729
642214
60515
159118
416352
332063
182519
743045
353387
849088
975338
27103
347948
64414
616571
514938
890359
322771
55008
991679
78269
539719
600650
283924
443577
756734
808883
565457
676049
293487
810772
917233
136062
846505
731060
312985
464562
471895
801539
504973
2913
582085
549020
93640
138575
529180
557162
305922
23101
711587
978626
265597
323528
433113
156025
29511
113001
109137
578292
440337
784760
117909
866506
604813
317169
432709
204528
345615
263848
12361
440118
187440
791581
705200
384337
3014
346571
574978
634357
142160
413787
196733
58171
558525
892364
337783
178479
780843
583079
342070
776869
672533
419186
236078
692051
31574
397023
892844
173539
588761
99372
662404
797178
709348
978056
464513
187660
892810
143037
448733
298049
476907
928544
613681
659448
123795
147388
338389
553274
17168
265977
936532
854419
881748
398031
452104
975978
696263
285283
288748
958178
178921
40174
116846
951046
572186
310209
356443
975260
578173
473594
527147
643454
394845
908853
385071
750102
58090
368462
184366
189728
995834
243678
55841
750115
68179
805027
706833
10656
878072
40154
168120
418826
651327
658701
863192
931175
34952
28426
304622
922232
558881
704018
313715
44646
310451
910607
292174
176590
40665
810911
950789
170053
896451
863935
852198
859516
112674
111979
743391
460603
544915
220996
872569
716621
453072
205863
898645
133758
454858
531829
302749
274036
304726
619881
545215
475499
981113
182171
776583
559868
396132
797900
88978
951960
412830
611139
419320
397
636792
348423
350526
516293
241029
59244
982575
174264
481694
248208
72050
546675
37665
740914
847785
974850
284946
135734
237597
272467
572904
919049
792439
515913
417418
891816
482354
108365
135213
406571
419759
363598
96770
799213
432898
188091
586542
590139
923874
67998
452188
926283
168971
54990
416480
949485
279306
341546
284646
248206
835848
194136
714531
363941
141752
388432
388867
790657
883149
409991
207049
481736
12780
628649
502839
731443
475747
473558
692857
677272
949088
369479
459261
533588
303819
672073
501536
402808
678795
927940
965435
811852
106359
875252
92065
238510
384920
342660
931413
44920
550350
220889
207275
949661
431320
323193
68489
132606
544432
44209
601629
869401
522846
514409
803638
196514
876646
92765
71782
937073
882492
98732
574556
859334
591486
306250
681640
231701
751505
698116
426035
322453
20845
728705
715154
576590
865111
475236
867925
723855
496558
70017
182792
546046
661071
857027
943678
182042
146244
808182
90109
358570
480389
522266
297013
993520
379659
763866
447294
584701
971815
280403
825190
170854
424375
545340
99362
751490
264456
822931
529624
875052
133488
972010
691822
454743
560862
935603
416778
227124
5038
202629
17726
90978
906109
646684
170345
426370
999272
217558
388610
867551
722116
154890
641589
62433
603243
328379
672599
653403
859899
864009
939516
498198
840579
96366
46378
159086
728881
756039
14864
839324
493222
777141
64543
160675
627829
80010
336873
63702
649944
267802
560619
124730
109804
388067
426514
340506
808365
376039
136294
544818
61753
12416
200537
90339
167428
180105
465062
523175
402333
697252
416436
224560
684965
947905
519359
402688
494864
554662
65154
526738
207986
480005
77162
887701
14657
701714
428366
965172
676528
957646
906033
480882
619350
405464
387782
863460
722601
687469
43265
706946
642413
683822
667854
804540
319282
340843
301100
565231
486051
125295
663401
625153
364847
185525
583265
847604
572934
961309
17440
611227
366011
198495
754725
378079
145596
929433
872443
877705
552634
250705
549379
821847
629846
351476
793823
548233
32583
986884
280016
400581
786794
715875
988242
707085
13094
904608
714943
162210
426053
215164
189514
488700
893113
990773
76696
844807
90342
760837
416132
369266
608433
875350
140246
291114
846251
650680
455952
110103
774814
776566
589487
630254
45637
701895
299942
128150
172814
4800
673389
686733
827697
347923
284316
413046
569906
291752
890332
523083
565715
237664
857579
220479
903717
658396
678094
65364
567157
866177
559073
245898
710354
746518
823167
472621
17002
705728
596270
65951
658469
664370
237308
15097
898418
815992
230300
264533
841134
587253
479644
320954
165837
61864
720619
711553
292601
294073
59131
452123
414615
661597
79914
563234
205999
546763
129187
787437
722086
762605
593969
253111
44377
529517
414282
768613
251798
22863
548601
769024
183121
719447
131508
73080
670417
183067
901955
787925
331295
609138
848329
313093
378494
564658
359706
32952
84932
91647
686921
302522
646613
891814
818568
797592
416808
164522
889779
120115
991488
126864
287168
679641
189275
469071
523024
831066
466768
874429
790191
597495
793111
766392
55923
441523
435196
86147
151503
881350
236878
731614
101920
132181
226569
4022
985537
717930
529297
353940
373599
700062
950950
655041
413528
384264
49820
16374
473648
322436
20023
635661
67085
688450
903025
516644
911884
295928
809979
983745
71551
818154
577545
803770
563237
483092
420493
549878
640760
109967
457728
152761
736450
543373
544805
201755
963273
966558
582952
178616
506378
458695
743851
681137
593337
618182
579942
533969
177991
408527
174066
635465
979518
533015
227844
66846
957534
787494
326971
684837
176780
885957
426247
835381
174217
944526
347788
592116
316510
70657
621409
257501
863131
912722
379403
917965
723151
265053
300312
797092
982207
970426
774043
857124
135866
483516
997339
921953
731806
174615
934903
70436
210481
675723
851625
240431
294703
155733
406869
58385
483778
68649
423720
261747
275319
540263
871665
461409
763963
444637
642917
436537
894233
9944
673885
419340
322339
733513
942106
509088
584275
985642
478091
640978
924771
674697
921390
7151
385719
105501
459675
770279
997335
826534
813852
279633
191893
3978
21937
866206
857621
273368
812993
94462
841322
572980
414783
325974
221079
966065
748998
235859
310402
460416
863884
102219
291303
539752
50768
309725
735419
574355
46580
220210
330498
283438
269196
308345
860915
483997
929156
33892
814740
100084
771490
416254
982982
8748
367524
472069
898296
445602
281476
963379
475597
649279
833192
276373
919054
540679
647251
161734
713204
722649
389189
111267
410411
800578
799681
298083
279933
344296
751427
207337
973081
506102
171952
550217
161036
511781
347156
813702
276826
379002
543778
211857
471256
33421
407246
842329
382408
186516
907807
842187
400093
742504
574835
30720
330622
567290
672231
837223
959206
403919
770207
589764
363554
352203
856334
918048
168871
787590
234358
558704
573697
950407
315602
217046
255524
14243
890021
197804
341883
503288
120330
110099
708414
86976
563041
879356
830989
765756
193347
362448
725527
626147
922595
97473
184085
707868
12244
81606
75365
954568
313245
592837
876244
272784
976966
348016
506559
835658
148556
7100
50743
53498
166624
516404
289383
538357
57492
543983
838070
806441
320503
988079
348380
189162
195590
8325
145527
752990
901011
954137
504924
643037
588612
861830
940642
207825
962721
180112
71941
489653
619535
86229
243124
538485
949679
890499
177759
625337
905272
269937
191796
543503
159174
759949
370565
48541
788895
171337
862485
651397
327900
46221
15235
852200
999792
871754
255966
960268
938751
552166
157917
586959
468032
64411
744350
145775
268319
211963
606444
524813
469433
930795
610641
129168
374539
540820
89179
640584
633623
834780
762971
367755
594089
937838
565234
433259
675097
766700
985186
152614
650946
347708
613276
697968
926769
798382
554018
940940
708359
823588
517337
712406
796301
709111
139262
161380
525109
270278
646540
626329
714771
288989
874572
432484
877012
831103
538463
169137
892842
660986
20446
163454
835589
671442
714625
176577
568214
575844
174349
129624
476076
578641
920693
632553
543239
848798
927721
87951
944095
741729
68657
746767
565649
613974
973231
21938
438859
41031
23896
131819
649998
169382
982937
726276
11245
160517
903528
404243
372269
834945
580085
700667
533522
283695
515077
624973
736581
409459
473735
851113
217980
288710
887863
156512
999656
541659
902017
928020
974127
154400
727722
585282
195831
672455
635072
205017
787756
908493
589976
768558
340058
477020
367376
857633
143982
843958
348919
144240
315290
480076
501803
531733
655956
701664
755004
188705
910714
748043
92715
519024
284872
478701
941709
664429
136561
602622
265663
240020
554069
135689
379122
693297
289704
35051
367598
582113
669707
188481
345823
266275
761015
742883
813334
115064
53300
533461
658786
683456
3466
637510
264410
59694
105518
492782
7197
61413
623672
239017
250657
886043
861300
243446
719059
219186
949906
491416
365284
528616
871548
813166
912388
935035
222809
562196
571760
1756
490316
471247
701271
388252
117061
374510
413681
574993
482751
377016
552282
556625
347539
144766
569696
636114
324200
270640
593732
518379
362993
955616
882077
684078
452764
823285
949798
121747
931547
29093
9882
153317
307992
602210
571254
288650
183942
71064
955831
401220
118096
314097
789100
399068
526992
538996
505409
246141
26346
345446
217158
736006
814417
844316
693086
924672
761463
375767
56427
237443
81494
173059
342141
394920
585845
778365
877709
947115
967713
134238
933053
443010
863103
677004
574694
189605
479929
414397
894669
518067
995767
193967
602077
618838
586399
914322
687731
902189
918261
397788
177835
4767
999661
997964
406886
416128
272529
757088
384779
876786
113696
944140
852889
200035
317142
897143
912052
460411
673861
36355
536604
746642
820897
850754
93427
250619
211200
500319
585273
972544
403975
316613
306102
345521
577451
147145
219411
918505
489901
782697
623806
130041
394579
538354
642018
535996
1913
380030
26070
784985
1834
639565
459630
402527
470706
473731
665010
430454
857316
102339
361623
528607
319161
726546
34248
707600
393772
596077
77846
41597
112707
9503
214345
17572
108506
641702
91860
133188
843410
847238
486067
46109
65246
903280
990163
258198
432022
601444
309109
804641
274577
477444
522506
276290
584835
78390
728398
243064
922326
234168
248655
863677
792337
733333
434407
810263
156613
549326
457269
617001
298337
240247
546443
917649
633664
617910
728951
615572
389089
58972
165894
879022
182244
876408
234277
469915
645072
485511
75589
229723
931009
448120
244722
154023
971090
952065
591824
107495
8188
609564
301356
947295
167693
309336
422524
417835
263890
790109
776792
961973
972227
529365
766068
197618
827490
264078
442746
57115
317020
26719
594775
571821
42722
704892
455566
298246
799555
754430
627600
396181
365403
427974
19982
372561
982393
650925
450831
217381
556155
458256
754721
139210
184118
411747
309866
242836
685633
997266
232209
274205
793809
399463
392111
520570
793619
130922
929608
134423
259445
82739
823153
35328
554676
320605
966769
595422
776543
291078
726279
156126
857448
333150
745505
143771
86123
906504
45749
868488
386350
129312
410180
581293
742427
288497
134682
764741
849426
566072
36465
642124
948227
555853
196449
420126
902454
599017
676306
405042
21954
582932
129035
976530
328705
421128
649023
654067
192744
140503
388031
823388
936605
921215
65673
72308
658781
367970
857206
645268
515531
117762
781572
269907
836361
829696
334070
704747
274000
791070
703187
327394
368691
713649
554094
553788
911265
227640
274027
729411
13130
609028
886172
206001
970738
580569
794342
21986
36743
737979
535079
503628
495875
18604
998502
47395
684118
485771
457246
17428
415300
887626
655444
212206
440327
946324
361589
720762
999086
741681
373795
817592
450071
860562
187174
672429
436079
203562
718789
607947
66134
999484
49817
505154
996737
483064
262253
915535
65624
399739
845738
760786
872978
70793
234093
597081
623041
151943
396360
335656
565184
322613
247789
766495
385229
285505
604985
893433
502248
498494
389066
124121
936321
857097
113484
959162
488225
758351
217259
746970
912145
80582
893555
322277
652005
766610
728599
58263
85530
338757
392922
709991
581867
200971
943396
943575
386362
941087
641912
922837
906035
872710
69196
252790
209176
235736
291954
813444
440873
591295
670921
908280
813084
742398
563006
7471
739122
116399
539346
765770
309234
312250
202699
59948
859514
426084
711351
377238
810316
854327
42503
964699
509490
649133
642079
465708
147307
896766
773541
979249
301120
830226
795293
293737
678660
809949
130059
813339
501451
433229
463702
347921
928247
895400
12845
302622
608956
665212
199348
503241
155573
783059
695392
740468
617516
653859
682210
119430
281607
998511
245597
898380
121865
162648
211355
58690
568144
593918
374935
713831
972233
920395
871283
620265
858106
849503
914785
355449
723916
242705
852820
223348
842453
705914
849579
450597
700304
96530
177453
649032
339514
909023
915309
194356
973358
752995
91145
585052
659119
547158
813298
714600
199809
535829
631627
230611
682252
765148
702074
710026
254395
260390
979687
278212
345677
637444
841657
233134
840995
787763
915812
703592
913000
279480
272483
818633
59503
797044
809229
570581
209345
291094
351704
504022
365446
728660
995510
922495
644814
314725
42499
201381
395496
288991
874716
187735
902210
938930
457567
153730
9237
358944
926479
757417
603149
961111
659743
591499
329708
884438
432115
363398
105210
47877
632912
359610
231003
938452
263466
483858
167954
365560
371966
46054
351858
542729
244367
493367
678432
348177
72081
76213
984788
782025
590937
263495
829654
615021
670702
992739
459607
613131
571500
359258
785209
709901
998978
255360
559671
500488
128108
261705
631531
62493
73264
134799
531832
737698
275947
708633
523726
129027
220046
123254
775524
544079
827404
485615
22813
148668
843746
594665
31390
402216
363436
409235
403230
855996
363356
743423
652969
958992
775528
55012
929727
709391
510794
529279
649046
527911
741558
546592
992085
207881
692627
89346
84829
810209
553561
864039
477087
916116
296539
347800
793614
206789
96084
869833
305919
163651
593362
136
319342
955115
31928
445578
91805
328101
543289
387836
859531
814957
975817
631178
945616
267795
851318
27689
874455
242134
902948
672612
330944
499994
552396
925087
527594
629710
776070
384431
395514
547685
100203
340484
750963
620088
941988
537642
214482
802210
5744
491227
679441
901553
81255
816098
88230
837074
430011
454622
113128
783888
209601
421691
581791
674922
811316
731319
780773
737937
532822
759762
408400
842372
63955
250355
691926
663062
719897
624398
907893
109641
71518
785442
288948
259097
168193
409298
596222
414542
422151
941055
702426
562896
59996
225048
973915
736648
812910
392802
298014
198944
998718
331339
539723
352544
230346
707752
423523
108254
51000
638591
241550
363841
229073
437237
849977
775773
886194
165375
461291
63448
182326
537687
491342
230256
682312
639615
342647
763662
220045
576488
355535
857147
193945
968900
237166
350858
572187
214737
812830
21108
886325
963601
976291
982664
745271
10276
750831
268298
826376
254008
457374
604179
311170
143820
315871
262535
358017
430720
358793
358697
428827
930132
523634
887309
710596
664635
978937
851560
830691
399983
724179
524017
973632
835820
530886
672339
122143
152829
300306
170980
494590
367778
46487
473396
640645
96367
937492
504618
121275
344871
70905
236547
584812
854137
388289
509469
991351
463981
615400
652681
390238
225059
333788
86992
55243
488835
697030
90172
989621
339971
706618
308795
220858
23252
507525
480335
648398
9964
645942
46148
810899
604340
505454
754686
253302
938249
492933
136401
265867
704214
52148
461585
835672
587705
37423
181303
440803
449026
773232
661505
666373
365668
297291
211796
31825
871905
889602
358210
982341
717407
540961
757722
30790
426210
594028
445166
400918
990856
260004
944280
360601
238395
163784
36009
126282
464871
21807
929821
332435
698641
239559
973527
449913
890249
869376
143334
983739
907004
542356
66315
637652
161685
107473
537091
562671
98353
493199
344614
953899
511843
903933
22229
960627
492461
900184
23178
555685
464272
455369
975496
319223
982547
322055
931319
331781
113767
285934
278928
733424
721944
12512
191550
551596
222068
954226
167744
293184
301161
561724
611167
747076
40421
382102
219279
420777
168735
669013
340469
328721
610799
587331
988099
132418
702675
814074
728348
345635
44094
691043
411299
300126
347342
874539
876635
839820
981554
126712
389763
988643
6678
158769
540244
447708
235434
752686
796457
639761
706714
686491
135545
820630
883552
644475
488884
623424
58521
443964
769486
114292
675889
206602
363544
950792
597517
100278
244423
428906
658945
81713
101969
964021
617660
846482
562473
611913
103548
685786
777600
898989
613232
540492
716829
443433
962210
181807
539897
766459
256794
705549
532941
549018
657411
169936
560843
763783
516924
496477
333740
995727
319609
364534
663971
215165
216794
436123
288838
139822
377690
900315
970101
76794
509489
562347
697971
373350
323520
532525
320951
883709
321515
466519
223296
980329
3875
628361
27015
463843
257461
403003
582482
579577
206292
157060
117717
146076
952970
558566
822491
624026
35043
893182
847288
772986
186224
971215
353927
11680
594789
457127
242784
221843
156866
351490
97359
955466
18707
295445
676673
74468
486930
280608
347615
6516
323818
207493
733714
14366
937711
24650
944254
553725
366820
74172
768282
854025
95124
377361
413618
666150
288688
273594
275957
334405
384716
847218
107366
530342
13449
869086
850729
826614
293363
629341
463330
986975
286407
944349
692236
994586
888002
666046
923652
67135
174355
932914
615954
770257
785014
815769
127580
995294
332898
453708
416930
373140
304962
325184
915867
754009
600752
554308
415612
119980
37465
270649
537429
875821
81776
110460
350072
620050
17380
134911
898343
20206
227654
218242
935713
760497
10719
215400
968366
344360
544151
90913
91490
37556
560167
986855
30374
949024
34601
222505
384686
632461
121375
427116
788460
135601
680497
577702
21158
32942
39519
503981
118986
797986
389480
472709
630934
831350
342422
406988
654793
882853
860440
52520
852434
75363
441483
34606
928981
401360
176564
457861
814044
22283
555411
18281
316719
594162
171614
22826
579527
973330
44921
811192
865953
612578
17947
335883
216825
642678
753586
648036
505217
540509
705176
369987
201573
789699
61988
440562
205357
531624
306885
153668
44902
446830
386791
377984
946277
4213
808669
352167
828770
483234
79794
331
356109
51471
226845
517106
800837
678491
572705
818942
452779
915191
458653
344795
88826
828735
386365
353504
305477
794220
100930
915613
798435
52862
841462
136449
17503
96176
534657
702941
776941
729818
700119
141613
190928
576453
279024
537724
417811
147665
991786
541121
503764
8225
162132
277821
438485
804721
618248
326326
107514
909057
226701
411180
796357
623227
920408
60267
657015
35816
134958
82528
465573
421620
797861
198503
916707
914097
607604
329258
2496
941872
439411
244043
998790
334925
489211
387357
861579
134687
213920
401508
359468
268371
905984
789703
65870
552926
784016
140226
120778
37046
95351
611868
523837
17135
711002
768196
128404
149157
202762
750080
49599
396335
248142
615348
312911
365438
466144
71142
766906
323213
509352
853516
481709
575978
868274
372255
672381
952367
922117
266303
546014
178534
561745
6062
340015
146252
678832
305616
331045
965243
106653
654145
546631
783512
202661
993166
864719
580593
525636
428665
91474
474230
532431
563601
968073
55461
954924
898644
219770
756306
101529
817048
300738
292553
701489
724872
615053
837725
498935
580105
134480
525864
375470
664112
298012
202261
822488
386160
949383
880981
398143
789878
881374
528196
288217
113335
364994
729185
463739
348801
505946
165384
37549
596483
3966
361946
561126
644471
532339
78957
87242
908520
848994
561462
318770
438636
720497
601862
714129
361797
261532
669303
646618
253679
402237
858781
927716
567743
312585
30206
254299
222879
437196
27318
498888
497587
739811
884415
333396
570085
651913
412909
374984
648092
583408
912736
233073
814198
889288
750896
853498
829679
651514
26064
985183
834714
607656
339782
836007
483633
490233
287060
243537
29787
649870
425583
85633
563079
644719
766586
753778
266710
721137
378695
274512
908080
161713
521697
186207
529306
126043
998171
891570
312360
633428
184298
654693
115503
993419
160971
454428
755151
507563
363159
840447
25255
602567
720437
908334
539432
702806
799931
78787
849902
415544
382982
744290
311915
257359
531699
10666
145255
620127
963483
817394
870938
99964
26494
976643
112738
453612
368163
334251
987685
353953
387588
182008
760256
895099
946236
824502
825927
671216
9476
857805
240950
435186
624428
739511
436151
768621
724646
953135
181127
661762
551277
931881
949457
210361
796116
600640
24027
120366
938026
963131
312187
984142
645415
377268
414481
159591
160470
1446
402301
259417
36176
874694
460535
395021
851846
371641
984486
268900
998475
731762
932248
914380
420142
999557
61689
109578
600582
759656
155939
501388
404997
869504
611879
658122
88402
136122
403558
123402
304569
753173
547170
205740
295525
692604
22708
195718
368844
215786
49093
655546
997500
394804
779154
646457
271695
370570
388304
997363
778345
636922
467486
965613
647278
197779
193805
969786
161563
115557
784575
36868
669972
180119
993270
851361
392375
721497
152925
568228
417562
121399
117529
140105
565557
257525
849263
252037
588650
373876
468747
2814
751510
588204
407771
794414
710302
316989
608826
436196
363225
77058
722852
447814
269699
499623
166705
348241
68909
534959
370263
863067
274653
696941
214686
18522
599917
595356
491080
90492
656792
244541
282575
930369
898171
368679
275612
749637
473861
235679
395220
217755
267108
3624
726520
935663
252979
698620
971366
23932
296231
939955
160752
503532
65413
29436
798945
407877
626904
706171
672672
972454
802497
754816
584648
848536
308991
650232
729416
349001
617178
512990
502272
506313
741181
921186
681403
675614
325033
824139
54742
205670
361260
634306
245863
945669
524634
108938
25936
899762
470037
785989
571601
863226
355206
964143
599345
568541
186191
939919
173388
606633
525580
435324
579930
249368
674061
494298
401462
423714
569299
286321
902054
686817
884892
802717
991888
319998
377332
783996
412178
841704
183591
717624
970295
139453
610107
440027
147032
419945
7481
959626
439265
84947
345660
34551
35781
483302
851913
569082
63482
677939
264846
842567
921563
192724
28303
566470
948814
303480
867625
240904
839920
588661
848406
72930
157064
995755
857185
644048
141260
829653
992490
839080
834296
301390
626321
969179
695260
916906
449897
228074
897207
269585
242548
437797
168637
867873
78567
292374
860931
338806
304775
181358
453903
560945
697159
54491
143109
345915
902684
475392
490698
657269
416044
991161
387121
730532
505067
651421
325732
695064
972646
193342
711854
260322
653927
995356
758257
377042
206971
67684
919828
637117
553423
304663
217160
936330
984565
872216
857204
700366
967097
769030
407661
66572
105415
26048
993879
466327
95262
325355
143409
936488
558693
463530
650650
994710
966697
715246
305014
716220
764981
665877
822162
241291
711490
795475
223882
516816
80760
66864
167702
257856
260027
112520
149200
206057
5397
493159
689652
328976
337338
231172
719262
154468
78341
804596
139615
471224
26467
779361
673014
86661
900146
186105
834664
129234
686722
198216
242249
434999
618566
252491
196570
476459
85471
619234
364715
367705
983933
924555
271026
636180
271804
915259
46275
822139
807414
607552
574075
240599
447184
866326
966484
345833
8452
31831
218841
948225
425869
37337
894759
930199
631640
633562
781263
806273
848523
532968
499404
638812
509390
528426
598594
337827
223316
945991
765801
77858
18239
109844
397965
624004
757547
1268
125576
482513
902127
977529
186784
834208
855191
622281
261345
359368
987894
921627
246690
894281
610859
212919
231930
690217
995586
92860
262400
187261
237825
602664
525953
946219
581209
864115
776489
483891
603213
204547
858387
695585
808721
697954
392032
67586
417243
538743
776876
675622
995256
989040
480196
390387
146647
891812
251999
477718
284208
552579
965409
215055
337711
483911
739346
690047
796319
847597
758071
114463
154179
345859
86617
178816
204001
901650
928376
803402
414779
154287
557633
786547
542126
882801
577631
408503
574363
796917
291541
960538
777321
265785
176361
728261
288466
277796
179999
64195
746275
396319
195652
668222
381392
72210
439818
92169
960943
711770
549474
92761
771032
942731
942133
78949
745431
477851
470049
364459
735143
898410
681065
263941
666807
595521
65059
694264
94721
310326
162232
416175
73827
782843
138617
890811
755203
71374
963539
102262
909734
660972
227550
418373
657925
100373
955385
872039
971602
156317
622192
152960
385554
402120
920766
54471
491989
151037
853404
636691
449037
496451
14228
156863
461860
471776
590418
639669
190782
326285
795784
916228
62208
9956
696984
840445
319180
264663
886760
899587
270838
887035
583071
886294
724808
736495
387891
549230
189923
197316
442305
289681
234857
30493
273457
612064
712525
136116
19552
755057
638496
922984
618304
383279
414600
170185
930149
364274
495467
420819
982546
894084
785003
902331
64114
255487
405854
478511
410361
624633
105700
20962
508826
72757
501208
475565
878903
456723
75120
162402
786060
471512
945310
544228
651789
166793
509413
600851
48574
401510
608809
824798
530901
556209
217700
946361
13160
108169
395326
21910
154710
562950
581359
905736
170822
476674
404500
966135
716720
824120
358369
461669
449209
857437
432182
495575
866826
258205
307538
725117
986548
910832
37646
798523
570623
32300
470540
109195
115819
700685
404612
575771
302975
817410
395351
199625
661484
964974
53299
408220
712039
190521
478530
588548
258967
991134
167593
625518
462577
369673
528198
586085
505351
886196
522067
601260
679985
513872
596875
960774
876869
495465
726859
97955
715564
708995
674058
278791
472963
611091
930443
202348
954851
95497
587733
626239
780943
295068
967813
772414
992321
992901
829513
566401
934116
458794
310980
231282
829398
371164
243693
964489
242775
524858
619708
8678
582088
811816
933184
572497
249485
453916
645988
425307
196181
511050
62829
254411
6683
604594
73370
183941
317692
252573
152006
637322
518940
226163
288850
13788
451097
261216
115241
303075
777046
325898
330067
220548
892501
702476
793146
673764
288067
220908
189172
754788
933951
12696
222072
120097
549303
386844
627007
320884
865007
832595
602105
13601
849047
439972
898056
277490
785990
606778
6654
430522
223317
526933
955885
62760
303264
575810
13317
735424
38314
351102
343946
802673
994330
886508
745786
522646
26621
401525
84774
197236
141702
529459
833889
507685
346565
482068
183529
498666
297983
400408
360743
752290
493117
268013
605774
837637
401646
776248
991655
178169
629997
847417
29489
894110
182851
997122
547730
426922
59961
650387
14520
539925
336369
999496
72061
651232
621461
106319
639231
695142
900911
478007
520786
93808
746756
444410
905303
866859
875010
790968
943103
29790
632477
383885
879471
861162
683418
405153
572196
507446
708100
105593
108454
319498
158190
666932
425290
202181
563427
440716
96540
105460
881849
842544
14809
305847
880853
452519
691722
330990
986364
580279
673527
560079
73069
208300
962122
430439
261585
46748
622219
14239
21653
83383
207389
499381
34424
809892
412195
940063
496622
30603
567428
332230
253453
871391
514037
286228
19287
488194
237771
167342
865526
530101
442462
251520
461771
870057
689338
920219
151410
423072
951378
642343
893142
36098
289064
183238
332643
31186
939661
651287
354395
656359
678262
307713
256660
940012
966566
924313
700431
346267
644263
53327
460763
352926
946500
625711
823435
274606
45928
535183
313040
628286
235839
853853
676909
556624
79481
24060
912221
413460
528857
992619
809908
640182
852286
663338
912768
309724
114380
901606
620408
850746
625315
156995
811520
958211
428653
622235
630483
895596
777759
832827
182015
613891
103469
562105
632699
48230
934877
343174
742991
256565
264051
291020
703889
922912
435635
475007
55213
595503
352604
601781
446584
277304
162968
349196
695443
413570
281979
710451
102629
991595
55491
351772
384721
85103
821019
30145
163479
844626
494953
367515
50405
225817
703408
775725
718860
403448
967871
862991
233030
979654
280735
148883
693107
755641
367746
305056
411971
21947
29758
816815
272716
483344
997518
308019
308756
720458
90373
62065
396541
635392
754877
504984
333692
282855
766457
121283
368851
745837
636660
321575
901512
289689
44245
539863
786685
808866
285460
983771
429396
264684
277349
828775
435853
835408
597255
773539
626111
881802
114187
205945
958953
351392
783073
464749
800185
310817
466595
253492
823064
905780
593086
61916
883913
933733
502597
966248
98566
352937
103089
586600
851501
182039
406175
859391
166404
507074
946957
972673
750628
454467
223406
224336
492453
69256
851528
785240
961221
257445
77639
785253
570167
365601
613164
999610
99140
931426
802426
904792
522114
402601
826054
450346
930973
744252
938375
338216
569567
110415
258608
528643
899026
599702
86598
627980
517676
458015
558266
652937
895077
833208
865546
94034
293092
993110
440371
355473
906810
102731
937392
451115
725495
292887
886745
72481
720675
845479
292753
467672
865103
952703
60678
523496
138933
415884
118516
530588
688715
962980
188002
425880
211842
687347
259734
727026
180580
521601
537476
554764
14787
579002
300103
748250
369197
135414
604309
615414
422737
272233
404593
853091
181232
165666
124443
491095
608355
821540
292051
999958
475165
918484
677557
277588
741122
538114
545619
134532
525508
53576
484196
801141
58215
861191
963395
467885
901752
102866
580368
806671
499661
662587
229862
607276
58151
754467
872357
995717
17669
72610
90647
84823
512786
774485
55728
887603
815146
358921
183853
913034
892230
936244
536147
473327
535497
370624
749217
2630
704192
900160
678108
341479
97221
667259
766959
135936
959044
242618
604139
323954
818370
442588
515503
637003
617956
443507
985063
965535
249346
678305
480632
590968
750981
412036
537193
645375
774136
201227
70347
57108
949481
459067
27213
580062
343263
946989
88064
271169
912117
743764
780526
722613
618275
960960
988988
268381
771923
999925
421158
637972
49846
874304
178463
753644
915828
567501
274089
32928
800464
628242
560315
192471
939663
224879
337521
278177
677977
235826
225196
278739
304046
517497
69795
951656
35471
207391
78603
640644
536393
854793
620334
395513
355472
618964
660328
80574
592426
516516
902979
550647
168743
936194
86694
538229
994656
824164
843329
410917
243866
747161
61478
798594
787825
224163
806453
374670
979867
501333
468290
492498
514614
152149
200680
963226
358431
41490
160608
510493
826163
801514
131493
175579
562715
910683
94810
719465
463488
935436
917884
17605
439874
637833
566361
837624
177468
690394
406481
489102
410753
741509
807656
696683
971053
829971
567697
432597
410260
763375
297401
994349
380701
545657
59360
834541
257962
659544
300623
105561
792661
808264
464073
718767
159937
972653
70277
840661
736687
686447
562037
341813
806882
125559
227775
679933
915252
681178
194002
333099
777279
508946
902786
723784
730375
88508
38718
794258
463713
60780
395039
288180
239218
518771
944251
39995
341265
199267
773614
210659
658427
196024
454876
529977
578555
427321
241276
677804
410339
811608
677164
746663
777933
71499
472647
455690
644088
897639
984261
150901
991904
996114
153039
114158
294324
266718
412069
716489
921665
727310
480088
84873
912638
323704
89372
606766
833300
768745
854695
250727
677231
593532
782553
417287
132532
941130
609835
212954
548095
161883
451351
737123
135410
26300
416943
314611
291921
739538
29053
386526
437195
140017
276872
790364
524387
896203
982725
598000
210248
563609
643545
657376
596595
919795
239336
965206
975439
375054
775060
335362
294914
173629
765218
567394
252900
494593
575047
907626
179466
816272
944051
722409
972126
619232
261554
168238
687341
525809
360329
217909
534878
382878
610812
383137
677201
73917
761338
314683
492954
213831
299007
826064
885570
54146
944248
538231
950019
294017
287360
761909
823554
385216
551167
533967
892980
516494
804411
706929
119312
799224
265379
241927
76293
979158
91067
302850
589022
289705
593719
350471
797935
126221
728471
934407
409146
947128
972305
742818
967909
750884
233833
464494
44752
718133
415509
545828
466366
838118
148365
764404
323101
227823
379826
331627
54706
659663
498191
612687
344038
308205
154843
63597
795667
529465
263727
406575
706385
997951
725028
170430
132518
176277
313752
385413
497815
428287
946545
325560
517599
743424
238234
516435
362917
749059
406553
522451
24191
348769
340542
518627
242026
865540
47558
371845
899075
717535
847580
476260
147731
438704
154244
210008
31266
18664
125189
450288
965778
644704
100141
614835
197039
642195
522026
830210
266767
906102
351536
225984
516933
159017
200547
739910
981940
838380
233668
250303
283726
927553
983740
909175
292454
584027
645860
287166
358494
95332
745623
67667
871880
305713
365950
470941
680100
936203
910929
349724
78564
318179
988839
687508
639585
157093
141303
634325
286600
280973
52907
915284
997820
306462
336169
98987
813775
746075
923997
530784
865480
963025
740073
807067
382670
706889
306356
445192
755789
170836
895548
192305
808694
848674
146725
849480
486106
648243
44129
683597
48955
723059
667105
927565
947312
887292
639190
488813
215995
834159
489169
230454
57243
804120
778965
785157
60887
614645
768213
188328
298218
466438
388705
90460
102954
187654
417144
27498
650177
25089
882861
880863
178121
111807
60422
799946
391867
77216
380998
554339
235593
594008
892028
410376
272946
239197
468778
103825
170799
238043
356598
368369
698045
343526
809556
381078
954601
43518
365805
679745
18967
745957
225797
265927
135531
803294
250311
329913
599877
920301
730974
130671
51800
895299
66033
631315
476330
249923
101291
256025
152515
236719
656245
315286
226370
14709
948777
396046
759133
847061
986826
651517
136704
817475
944163
626600
10724
857327
216486
729035
706944
107466
257207
7799
482609
22110
61923
10802
563701
714777
807530
142260
253999
940211
972105
147153
758799
800903
639461
723994
992306
686937
791673
411980
136639
232142
856177
410290
393367
956371
182283
841275
549951
921629
605586
532885
302760
933014
4081
861794
398407
626054
35734
167521
21232
167851
470951
656396
285370
282519
394817
215023
126060
700353
515066
247921
945094
174763
680134
817677
493834
289643
926015
775278
386782
750062
559317
800688
200037
881179
255032
371131
716406
326734
14578
665816
26559
603390
237852
732666
740831
490066
587819
364712
115436
580234
732547
808363
946562
981071
792193
886061
369528
693435
334912
706323
341120
989113
622806
135823
257963
897322
298404
370809
549606
654320
90402
968692
290763
290998
997565
914502
143997
110330
895761
723657
735563
754489
70739
613769
630453
76442
121561
433572
885887
665754
712017
838791
685868
341190
517419
444535
842172
376425
300949
791174
474006
309055
389980
135405
963344
441300
678585
554124
249770
51236
463112
287643
666462
499907
491964
227815
507980
44409
46021
73680
170623
858610
296235
471968
451701
963006
593800
474856
591878
570106
418467
601970
714560
438080
889025
608781
424022
68156
676084
821384
455349
152559
564104
737282
662730
238956
346965
346910
524207
987620
370953
502601
725101
73916
576101
203168
450922
589490
379979
301040
202210
346536
278419
862346
209047
290932
474101
411598
909185
518364
962960
600913
840305
94197
682512
155504
981417
918666
86114
261863
411296
805382
402768
564993
316145
664986
429250
423081
720445
742629
842882
488024
404371
825298
94775
854572
618253
797749
558338
864435
805110
938715
211755
788024
222564
383492
294748
705300
977301
595208
738184
317501
127056
363670
923180
525467
160781
623979
21582
97077
164880
947492
394333
931026
171426
244692
785152
289227
116293
792741
271784
806178
853064
879605
172147
782150
485561
118430
769426
750376
377082
536552
348751
191915
677046
892176
920493
536022
254843
702939
232692
969755
159531
964370
81997
187940
345884
768776
676416
486727
746056
197035
908947
474542
263095
466858
701701
352398
925344
892591
829146
299057
102345
389373
807478
813380
279797
371522
992082
791698
769818
744934
643207
752292
752940
682817
356941
306819
343073
123078
234894
957311
346824
467740
226194
585336
334765
379037
332741
365584
450268
301170
277377
435754
458234
463863
539362
951206
656016
504139
400309
356879
432632
784773
226379
312423
888734
417215
697194
802195
881230
669176
82466
283047
772459
946926
334094
819003
714377
202871
22514
712781
131182
719046
535796
947233
227226
926059
433751
23631
274994
59612
336311
28639
976912
468997
750885
370197
141557
746686
940728
643382
100762
106486
720129
940764
376325
872677
302604
740544
922978
815070
100341
316448
734995
669305
160905
655457
600164
112280
901864
323602
720961
420285
433969
609269
689007
967014
92070
523087
896698
841355
995492
841877
408256
459479
609858
839015
276989
340986
782719
349634
544308
308512
754327
513155
451584
168397
603957
193136
273444
924152
950775
798948
636386
45399
386076
512114
541477
543535
209038
736424
517929
264927
625385
627048
462440
333458
58034
981607
796239
843166
193233
376229
183802
79545
329604
766897
606877
919155
902632
533843
996237
732453
504409
829676
984054
901589
33491
673246
812678
463265
307265
16203
794265
948528
529992
16471
479897
164670
382537
381049
25854
728607
422486
713975
908070
788294
354960
46
505858
585616
353725
154304
418325
568493
267519
606802
71694
183875
208772
80627
765181
551503
669102
623901
205288
825155
876814
137493
352283
483865
736225
982387
370460
956142
859835
680022
136152
684515
63487
72586
755219
225466
229480
588212
790169
855201
377200
696152
823553
384912
254254
875278
552280
675891
518808
754828
956146
82834
577434
505610
259908
809506
439656
866524
677381
507904
281632
333468
925129
26023
219165
223029
901365
522672
549769
435896
676050
363195
807970
127204
109536
942311
331691
308371
842132
546914
110017
864621
565195
759836
51002
725144
453509
492390
760138
569873
25427
815270
821206
493284
228038
814565
624074
48152
573004
516436
504323
222313
14558
929496
839767
29656
594690
211592
601152
958781
769353
94855
513639
516983
721499
43919
949974
701638
760285
713282
822421
644026
604421
625455
707727
407525
928207
409431
787855
597800
422050
284355
289501
335361
733302
597447
471308
151153
897745
822653
943372
804270
907953
97687
910509
893629
804139
324596
965555
635499
418386
552533
706799
56342
145745
361497
28346
272579
666766
465311
239632
172795
471273
610520
547017
294032
599863
879459
761888
956923
674701
847720
10952
411484
519702
953858
795593
31814
615427
446954
501596
379157
41784
487434
971310
391934
867207
235200
945699
769013
998030
726568
344784
82825
116480
344671
757725
759099
223678
39367
645692
665638
335682
551952
444920
92766
574038
743666
953384
170732
16034
910601
854485
141736
159406
875936
765753
197278
637008
655406
981922
221557
54487
363447
436787
658265
932754
486753
392810
491532
653479
946322
704473
689191
673334
284447
879649
453063
764504
799109
750990
682358
115315
835089
579193
476932
171790
111748
419258
390943
650992
204513
765500
954855
202766
709769
896980
442810
579917
391287
355766
122652
586000
778055
549502
507730
37965
722064
699296
716575
964190
689876
760735
992771
449287
369890
47315
132949
545905
812247
331415
541636
98349
402536
599267
950144
395858
788360
441974
899613
22957
780407
435820
157936
480328
920458
825313
480961
875982
287544
741939
85100
780501
693742
286174
35324
176570
112531
653822
514319
263896
529143
271139
641097
352730
535349
904517
77304
231191
867399
858803
882426
210020
672986
50534
844859
447504
353760
595185
280840
284876
753381
108568
323111
557131
668456
781887
386416
829055
561899
756246
57542
886801
930648
636117
27900
262718
837451
144311
200314
498807
574697
107097
385171
83390
596445
297312
128623
88905
898245
231659
292278
116427
343388
885178
141056
932009
387220
890003
818349
450686
284928
683312
688994
440909
729656
80291
902920
464682
792500
870867
282322
591500
640396
16518
963320
85030
90831
857560
568140
521084
896212
742706
904334
604186
485882
126002
650467
202588
171264
41085
446049
196310
98429
524366
285174
647302
119852
970049
601080
823410
16734
547207
597151
916349
561910
131275
777760
660704
378195
45957
889205
466783
485831
67351
21813
421493
582463
291373
574040
813763
974614
886456
646747
446477
287797
574071
635871
166869
168266
718780
792927
773186
307032
100132
66847
722208
563751
296400
570967
315930
680447
175915
477599
924626
82212
779471
473430
906902
653922
536305
24579
430941
713295
607451
203945
958473
267734
244307
879114
618464
277399
72208
687502
810837
464086
236422
656342
794741
770243
433392
167209
887900
285280
19389
718235
301484
371042
889394
450453
569561
346346
6214
29519
272339
882886
229816
436306
962871
259217
486964
916087
82524
495788
520774
742601
576181
232453
551186
387380
512129
188688
23876
627281
823882
980709
314264
782411
256668
603593
624957
840750
54322
538473
602134
838732
435348
264469
608322
645606
324771
564044
73739
763324
321682
45887
119289
43122
774064
731935
56696
72736
701626
611116
825283
69709
335895
669205
873512
394024
461413
906325
839097
972581
699877
316728
663685
585760
118592
49895
327557
121919
476159
918898
974568
396298
53284
59127
357520
498123
802825
54267
235955
127171
994559
179313
900059
982977
15960
428299
914662
403827
760883
551568
231147
414718
742761
39459
832612
976733
767434
346171
134927
826886
612192
803886
878522
924863
874631
790982
215814
289310
962039
397389
652752
965648
451308
335034
728616
778131
960009
835841
891582
114894
933683
231482
672052
544557
739784
746169
959501
91965
699145
591025
436013
115927
531343
736406
519870
701806
189763
836061
158189
141814
813264
588074
836376
29697
230852
727859
557775
756045
736787
825968
357854
143339
636026
323365
380607
401241
541263
568125
508243
206654
958733
381178
98498
761355
184287
553625
77014
693159
658400
667055
566574
744241
626363
451043
814333
293069
239487
302387
962634
97053
199566
708969
119945
715632
583398
43405
545198
196558
19225
888406
709897
964318
254924
261832
570997
657985
781404
883613
206900
466562
986623
258789
388356
499663
538228
923782
455678
936474
532421
749348
45459
784420
483471
75093
804871
514388
82550
237374
583986
523727
13855
225844
203651
660857
710821
254169
3854
490514
332175
3439
586782
604165
666743
900839
640856
559999
383949
303464
749809
50237
244563
544864
680329
623022
314812
54334
76528
704146
780522
258248
529575
783847
483351
72104
495708
509031
117074
547072
88488
639139
836374
532425
260986
255780
455097
414720
259458
206723
567784
851477
370318
869256
503651
110225
717053
979178
505044
540469
915570
318176
793837
102760
33753
506813
744479
739896
582104
549698
391203
281188
903455
357801
380248
694931
889555
537930
408936
704383
588864
113896
514437
409937
942206
308454
371773
496885
844359
38698
241113
239351
338173
539102
599980
23991
9671
722497
931095
783981
281481
162104
925349
549411
367309
579018
725057
608899
29499
882722
209835
781379
717131
227936
403146
74756
174365
563955
479009
383892
226650
468417
133290
205848
565553
710027
602532
667398
673556
460010
353532
961990
148006
968338
46734
722687
793361
640787
664050
434367
621988
540882
62061
77839
284559
453064
324901
650795
838429
263549
529189
309700
366090
177105
568927
846626
759483
38605
653086
107041
401862
849064
578979
912045
617808
446694
469997
965328
86244
419614
988383
938215
478695
636767
529149
100476
629603
328267
900525
824937
821728
974069
167530
637016
487400
70669
484936
292964
9229
397137
392045
396059
811302
664207
411078
584301
859964
886606
473015
558740
706791
195853
500005
795031
529176
344914
589245
154076
180232
762249
33066
136213
20589
375522
87327
210050
171033
505142
807914
999366
843058
154922
156138
406555
205230
984997
440259
67154
893546
818300
458446
50687
847654
360588
896425
166592
977232
102905
48133
46610
646178
749178
522686
718341
590913
883904
682088
515058
53271
765483
709772
221446
530400
680579
278521
734235
118531
179501
118719
911469
41226
112941
873935
807873
755016
918759
266982
770819
882153
269115
921286
42996
620914
330340
875807
211469
794317
155752
399795
763850
475573
515679
171197
165138
737355
453462
339426
179675
887329
644857
551370
750793
694986
81937
402629
417790
631305
515949
340563
370618
947340
394428
657566
576379
964554
978836
464601
989606
36555
844068
962274
200078
623584
141968
723990
506426
940322
578067
976050
979489
804082
321336
77424
308013
472548
89544
807037
429532
870965
741940
81422
118116
379477
293490
261076
618829
826896
82278
513334
974250
318891
10313
813485
919312
521360
497197
396243
304649
194712
611336
595926
33799
102898
457104
586005
457267
915749
130073
651970
104387
7369
267623
414212
621467
124361
719633
689513
142893
867223
539732
181313
675925
208195
27707
763937
281099
707118
340014
538170
320361
123728
120132
938746
7863
432471
881756
939818
459424
138743
781350
7834
773278
904032
692301
747580
649635
736044
814431
941623
492055
628114
56448
889664
406960
447454
24144
828906
458473
862209
918977
519685
160236
279120
543327
855449
673434
310705
263300
886403
796160
282032
111380
168810
807106
605166
745620
273818
682841
263723
632231
200304
90698
461274
669421
962684
578660
477643
936733
276635
823945
251777
618657
781631
286691
73353
974103
672627
205932
707483
339747
693231
593801
488007
172684
462580
849019
131794
338830
849910
385856
102199
770425
335162
247243
387625
505531
831958
170629
297803
453317
919411
90846
324888
933753
194865
14633
851048
134510
649749
387968
11509
144207
554772
472085
881697
590858
151478
627792
240916
689027
683302
9063
749788
400416
89721
403979
747384
200688
345354
641780
123860
132441
537418
14850
659709
476899
636574
189916
398892
773262
409866
720041
308283
211693
764800
362931
444712
316211
797419
731347
448846
200837
949242
352290
894260
112573
913866
291680
169151
908922
627780
474924
40779
195331
344913
846806
866394
570189
109073
594716
124613
486545
752791
58401
933787
83734
626124
610442
125866
851336
322944
796650
976349
718783
158870
787910
141297
132755
89970
894460
649568
985130
474988
565583
923337
755965
662274
551968
188798
279779
7387
221931
604303
597000
776342
174371
485544
393609
259551
203094
207811
856526
348134
665073
348005
415692
130835
30905
818543
760613
875327
845494
118892
683758
592733
927297
922034
978515
514205
847463
516060
377124
302007
883369
440884
852506
160953
341181
785898
652365
464199
552705
831074
506977
683940
379535
268212
594597
135901
553979
416518
440629
346874
137126
96228
522370
789669
169673
953387
468292
319936
355825
912845
331094
600354
633159
19091
833074
617816
920542
331605
81228
201031
223496
316356
663963
110456
998955
241849
650636
748377
51669
196166
483723
51190
56914
744894
597365
943258
295217
202796
134705
833758
952395
940435
266820
508602
383984
409837
27741
395791
587992
344354
358011
901221
279090
486831
149540
262225
348746
219726
78161
706191
469501
846908
73528
497370
18391
592579
219689
251825
595339
666329
309180
918211
13290
416419
94351
262140
59110
920470
752426
609156
360549
197044
93729
619289
361830
293111
442124
236142
339872
324434
621939
599149
163620
222288
9970
718893
315165
657943
930802
218677
599614
542118
106540
995628
806772
533139
710701
712790
622424
476153
614828
896211
110622
163801
613233
878939
381624
878375
740479
638971
714442
357194
90765
597532
38648
467156
842751
655424
183486
298523
974838
119569
350091
687753
244339
693687
337055
114087
124318
677622
210327
69346
778477
697054
877481
210963
59226
937734
905659
671673
583875
214728
579074
416526
572659
281975
624936
682082
58728
908224
176948
202005
650837
834343
159323
873330
58338
145046
622256
492902
240923
987517
856888
449807
825602
455175
577919
885995
163217
465035
640126
821782
538283
506892
845240
104949
186310
51853
614984
191199
78804
717659
39658
65887
355908
368333
586411
880713
756780
76440
713394
543577
754491
642166
729861
871937
710091
77809
302712
40722
224346
453070
62852
218610
682341
19971
201707
819722
253145
115137
828262
640828
451099
775144
92364
101312
86126
553364
895536
834910
311647
345426
319128
618956
993997
707298
685632
255277
990572
597342
139040
210819
288402
581680
743840
936497
782974
343774
799659
275483
663719
845311
657270
803470
782766
268649
918551
333401
762407
62891
867639
15885
15084
124068
381516
237439
683022
518585
853648
906838
174827
871969
477818
14895
617838
488704
408150
464910
87795
963126
162004
448848
431343
730725
301944
364028
479736
685566
930135
588208
731326
111791
694245
990498
850894
123907
636930
265563
49494
635725
280046
828661
65583
570794
944676
284187
354338
759533
916842
963770
456334
572178
923856
604886
384069
499656
397076
902050
698552
449681
489600
235239
264154
591165
606418
604286
655613
658628
113456
668883
197197
712817
241853
857904
786894
818482
803502
690496
44055
527821
869365
580740
25757
507127
675731
952373
898884
935626
179909
224749
89231
494002
219039
686181
711374
571327
989043
94977
789093
531900
358096
328222
529714
163395
906609
91473
161795
792287
926464
170243
267000
251265
552466
62603
240112
495801
493407
69570
313832
496470
234922
305063
654708
669600
21134
730841
86453
172344
801178
755987
988593
946470
522010
236580
805097
614920
876996
680371
931255
347283
364901
358457
988378
576961
993315
886236
746
226504
680320
509379
843027
360187
449273
627166
191641
446383
246300
918146
77647
579092
521268
413804
600886
701845
870511
267428
886770
492478
552846
266127
198521
611347
682236
441350
637035
278395
834187
912884
566094
593426
212914
980953
2165
891685
39019
471107
890157
862757
88507
497837
417906
117294
227748
268463
694441
626077
29637
370137
425135
966266
948321
4643
140775
306776
319237
550543
529886
204742
550459
442234
903633
626616
335438
92269
749255
371721
248833
575800
919505
794834
517463
817125
126528
462976
905141
506630
848361
821151
836126
981997
581543
504168
644836
604325
510029
216217
51725
935500
607699
462027
938261
828585
31810
278570
902655
276075
562751
351150
921305
87429
846211
54102
573744
304258
450256
210825
869448
59052
337974
85491
948694
843941
506700
784334
921009
128126
741974
343717
267466
139765
328772
38082
155282
550942
748244
808349
739376
356195
538781
878146
869943
299278
72956
814420
254151
427933
725704
822794
992434
210785
487007
238576
909582
155565
349223
504088
450485
305166
584086
606966
446208
887582
970299
983173
345488
843589
343281
16193
418250
469504
365149
367732
205902
623147
670420
384791
238487
59762
806665
822893
858763
602000
414356
681145
846628
704903
978482
309089
47550
585745
795770
662976
203292
658716
278964
305911
768904
233663
82326
352814
408753
95358
4663
344102
241570
375898
326216
600747
116732
703257
909852
90824
993799
918704
826447
214310
342368
581437
606548
863730
74461
493666
990042
866801
549351
128042
941211
969927
644168
463582
547355
333462
482972
235665
583102
380028
790147
688069
320638
649336
16715
455969
964449
786040
880273
554342
225522
891062
981431
136433
211655
901696
150524
830047
627679
340778
151766
157017
210417
115133
437757
735812
986656
676342
342545
72732
557659
368868
475995
305689
425826
399367
623246
125842
798018
763529
682954
769662
718845
39792
838767
848644
479574
675883
970061
965576
469212
380743
416826
101644
13407
549514
432544
330058
682142
773216
615637
129343
753048
987726
196423
469867
452512
862510
776212
383776
614355
167657
389398
315679
898761
985542
323220
742197
63391
730551
580171
131097
474675
301012
587715
684438
271455
43038
191513
471683
400580
494248
641168
754059
889152
995264
553368
957815
109904
605239
786393
397622
739705
480808
668585
615326
189001
686973
987132
446753
522895
699164
488826
349742
384760
603401
502354
232814
543563
895359
457969
474771
134182
622299
955132
276993
647245
504966
32490
588916
359451
297345
439634
961998
349323
474997
940457
829556
172237
595694
300628
114237
639040
798124
848736
65341
66283
772239
371328
217918
87413
646001
494078
725594
815182
228490
899875
683440
180412
957415
241741
932227
242607
907952
245311
488828
817152
663557
812099
791141
559558
561618
451514
150139
989394
998523
798358
198133
933708
876221
910672
277524
640447
395337
501886
122973
173599
229851
77877
970246
63241
239252
661957
51125
569066
973090
905414
91444
845025
960939
850626
17977
429059
65349
676902
940485
579052
130691
419194
327370
298228
636777
514683
479018
603504
781873
825561
746527
530179
40770
504586
550898
807338
600864
514778
59434
365126
846731
693574
274075
463568
818110
967507
322415
22019
475073
698420
830705
164348
541877
760826
957882
893641
403207
145215
534200
103661
682530
574422
135168
311257
131413
798689
911966
380614
678987
988555
255109
836783
344566
963980
396582
445114
581396
949058
123936
21748
428279
319726
139786
46920
612883
314124
649278
314269
448370
431693
258749
644149
82969
254571
407206
15582
598070
369418
347045
450864
302769
398334
444402
974641
656224
220303
592665
513352
583694
27431
930155
679406
549665
231216
185057
285001
794037
798257
652686
670145
5531
222370
515967
242609
923414
325368
352619
655585
371246
750857
90554
883343
62094
359924
757170
411883
752828
446698
675407
856448
92755
769845
623700
156700
546955
252575
859358
971512
366509
777785
296734
408358
355901
377512
198346
592583
586102
838554
493648
895228
732705
193372
635304
120970
936415
869930
699382
204618
720514
477171
755560
712722
783898
925717
643133
832521
901114
16877
118197
257311
528846
374632
604690
888146
503613
55560
382251
466053
538123
798119
943582
282887
687543
97442
387162
957980
110614
98317
223477
614760
881948
336331
760485
136393
99138
308938
730504
726001
763779
163774
66539
423050
486503
72338
174266
300700
4068
234709
713275
827565
263863
231241
899895
171442
10722
773174
77176
83276
305934
689444
876437
729389
917313
880157
497436
950081
299743
258048
286086
425639
503084
508360
815851
841911
477821
981305
360436
726073
831595
317301
782387
763294
733488
805488
590781
533147
97494
903237
995155
798765
284845
219026
1691
33950
859819
456342
888767
96756
671340
815600
247615
76458
259432
367680
677810
706425
912084
55139
105430
613425
528458
877922
590687
480417
52353
633706
914181
216008
430600
115631
511722
2672
686678
914568
105770
656933
636121
764432
835761
972220
546621
632432
346039
421532
529681
90072
805863
726380
485555
87442
774193
204222
219335
274554
577800
980160
10375
290610
148968
70706
668997
433913
960558
636993
111174
820208
820665
823594
783407
194939
584015
441275
817130
759502
982485
426243
80804
536427
733929
207573
271707
540304
804208
965621
138707
418385
530742
461545
806341
726412
521245
387333
798279
913181
216103
728304
246330
873401
843160
165787
576579
620254
137886
553703
432686
859895
515586
295231
799259
796937
241481
988433
95919
272774
507252
322919
238490
545600
250790
774848
580726
910133
119357
73615
956156
595245
543627
534536
28689
763925
177870
990488
168279
239146
134783
453856
194272
403097
575588
600644
313043
438131
575277
98572
26964
230587
807799
217286
511714
860468
177110
347721
272838
417795
887760
163662
877731
272143
222513
449984
925482
77032
339803
224443
63679
541514
302700
711603
280083
535925
248716
323748
361812
240562
427466
770063
957135
826564
237656
567646
375956
690986
273649
925326
649077
934916
241009
630963
804965
368186
829806
682924
646670
816880
954920
405873
530866
524526
767609
341945
3835
341207
542684
626697
392886
894974
342059
106677
705608
638109
310582
878219
176871
725840
911175
441517
889452
163150
500829
998414
846982
890137
832261
875401
251012
340329
542868
245332
661166
725264
743381
102216
317503
257849
546170
712847
83279
637265
881216
89879
776927
42621
847191
50331
329321
750803
276679
145905
985252
488909
120140
288159
130341
116004
762245
317978
195757
109097
739112
933920
184561
562380
256519
830322
887087
881975
211923
688412
826067
141813
262654
666928
617329
165831
153154
784018
950153
242857
851866
667256
4566
938634
148136
210382
43617
262189
332875
733828
264597
648578
903076
616019
372607
257136
235288
593879
782579
455416
190102
316005
131093
381375
623236
550834
136275
664666
158765
450614
408022
257869
296863
524937
640168
828774
204937
233913
424526
701839
397302
539990
998403
852056
176297
216037
347176
763758
349410
767362
131201
413492
840484
195916
516612
291871
209918
711684
423525
9323
369754
182872
776142
602366
380775
953426
439350
356212
878947
526451
287335
467184
985295
360731
918205
876873
527174
987826
503369
292328
270020
140496
178606
970665
732082
19915
92171
214927
867763
937001
520858
113987
102699
441286
564378
315941
211338
603521
548990
448208
748120
649967
908876
532331
949333
322350
192783
710776
39998
962056
98941
900894
178470
525478
101281
292540
143695
292955
233617
675210
115014
249207
86959
156749
135675
279529
231895
515048
65788
977705
195915
937551
128040
29118
339824
871020
271638
46387
826803
764200
492791
670444
380150
174979
431587
471151
159632
734881
627360
715479
103342
381377
976540
42305
865940
670564
925331
343562
768312
235657
885706
201878
788919
706763
50050
171982
435482
478914
376734
916293
144393
995410
42270
455510
684941
864549
613337
892890
826393
535558
199020
355995
776015
553710
788413
834045
949307
909660
788556
217105
25732
8140
173707
621851
103808
356727
538889
917573
850673
430039
849668
572483
261267
934985
569519
116705
764130
36135
833813
598577
623978
418227
543972
454436
157703
938832
47073
242150
243853
804509
445255
150894
888747
969976
644949
634064
653434
581710
670089
127582
115107
727640
946469
13435
429652
340858
452458
929901
341306
245622
152087
410019
193165
863311
491763
234374
727247
382014
692538
907654
534458
117935
574550
300386
814829
861328
317578
254892
792633
586283
657770
935025
613094
419025
477042
129822
193098
630959
128535
408415
409710
433859
739470
178919
498477
300927
314644
952856
707160
838007
566965
619477
261643
272200
626851
492465
276152
976712
526
614160
317704
110678
89178
175978
267148
906122
227032
716357
275545
923350
540363
220896
533465
371612
480012
973306
265417
491005
905449
222711
188291
807658
634303
199414
125306
961673
217725
798373
514528
955854
657388
859875
39666
573360
139812
338236
821388
198097
153989
243599
166294
232263
729647
969830
98263
226034
695151
641520
363809
52047
52048
442686
660376
885836
833747
587445
760077
705797
598933
356086
815132
432211
942921
355482
583064
79492
629812
936952
440301
271241
120133
8333
707375
741875
936512
767837
293059
850642
386697
537350
423728
758374
427705
388299
600950
528190
228506
728563
62745
580880
593040
255207
93937
555913
527990
14470
377230
582560
393598
707251
596099
792985
558351
795427
839477
798286
675391
235846
673789
497770
666381
809666
765759
804460
348924
457788
822078
141890
872032
713916
829704
495509
118556
176516
787524
596936
589671
131878
286401
59604
149409
580575
824458
307957
405895
508382
858607
536826
564711
540287
179662
55329
699401
819800
322957
747896
906067
410071
195778
323693
69840
483453
998500
144642
150767
613925
604070
773265
880896
653006
563306
198024
279202
170744
300570
535064
564980
91149
773762
333524
250859
928412
885497
238666
775841
444124
788002
543425
146934
786908
69095
2082
830561
984047
593854
253588
832137
443241
399278
464519
381732
882732
90681
529996
329273
956778
879233
955031
140829
419586
244838
379606
546278
946677
701427
316611
593395
322248
974454
312692
824475
389214
853412
55101
427291
755884
982635
98113
293430
409172
350391
251413
133759
192129
656173
236684
380793
56126
221334
713788
721374
326254
430748
869193
476125
819178
649195
616209
851476
840820
461862
738869
854168
233607
754253
483467
719421
843904
597401
968018
45794
741315
924556
765123
492332
991758
829366
113517
38134
349277
875400
216710
588932
957579
739703
308830
730792
227900
946348
36563
435140
89438
103033
199473
972900
158498
887512
552148
640226
61397
166597
307439
680183
758688
889694
36989
40892
276146
396635
491903
315817
942635
410399
875236
203384
475798
14010
851062
110783
676426
809709
889685
295375
66832
491279
458988
946300
989646
487430
910360
818323
41316
901404
855492
865328
873457
841746
830625
75469
985303
627257
48644
635797
311013
282696
978953
432276
407099
366154
272009
702768
549869
115955
403368
737339
996774
666239
74017
930710
479051
848707
205892
660321
42993
246492
576849
896859
596208
101615
579836
603148
810684
552485
648390
999109
308435
440354
688344
399232
488493
552320
940962
12837
135512
708082
749766
189286
34917
196953
982527
751698
157506
776768
259369
730399
463868
988081
295287
610547
154871
652635
792853
319660
145110
757576
3477
775481
233153
873172
202504
656762
724990
564904
516118
844996
841394
816850
664987
208436
357014
161345
793038
890838
733067
117369
776600
993807
230518
290391
488579
638874
264073
36226
340599
669344
17744
676394
311436
712777
322419
575883
918137
793858
304029
330675
19407
19880
806407
91598
673886
397540
470064
267848
321789
328630
893537
19576
772825
155241
449690
6815
784275
904956
166477
397303
395385
471407
12015
559946
776190
546974
772927
634631
762225
949779
655045
918937
747562
780810
424702
767637
901212
667227
278394
279234
781691
422210
596296
254615
532347
422705
526585
964365
714259
790747
437233
735017
630007
569091
318901
878817
113797
665488
866450
383865
7340
861647
818488
607868
42213
400622
986808
980366
402779
497648
520432
46995
77842
942175
481219
909122
11818
302575
888756
539233
501182
899911
858943
933805
70267
23296
124761
813411
914759
889844
191270
290230
904464
512969
16777
882766
185745
337158
445978
369964
772391
682590
882663
596660
674700
68847
866640
823516
515349
507164
885202
110932
857610
840526
831856
125024
325646
144900
263873
641305
21280
162087
895656
684189
973769
828103
533781
306049
69831
852201
158242
386933
717610
87409
217008
168092
995455
376997
830369
64258
102267
931132
22827
960914
891696
624543
472589
300720
17333
631424
153815
536150
230071
260938
408731
704461
368819
711563
384941
666585
180760
993474
191606
953907
888680
75383
463762
987982
364252
860418
114248
471606
92173
620732
374985
635365
225931
979125
929701
632647
584936
744917
309276
736562
550987
888722
182789
609706
332521
393843
258008
56322
38716
876479
495256
309745
921543
47618
303756
242310
157803
780599
934564
244593
439629
296462
357196
177173
48897
186803
967331
983070
118619
819649
756110
529680
773143
263771
779650
387444
603922
813408
170641
239303
893054
919765
743301
835653
781099
338427
581284
617557
312259
625073
107396
232796
408010
760519
563860
887743
358683
342049
935591
1143
859883
476069
507114
258684
186752
243867
665650
206666
546491
520945
969336
830753
806155
173736
77249
946411
589075
536000
971456
861715
447235
553602
78885
263114
135708
295433
623894
893707
423449
704262
332493
484518
839936
667699
814545
93418
7984
216022
928552
185077
695695
732293
353108
192231
624407
330776
54896
227846
804499
307178
632560
211130
293168
991673
739853
892325
529318
79670
106660
944194
510390
647802
950861
810388
953891
468532
936447
716473
389257
328513
736194
630508
672154
909653
207886
698419
502277
253193
902177
679657
918125
543030
998321
990585
912174
692982
60181
217350
214989
302950
798039
422801
186023
722138
26384
293041
693997
890740
782498
863626
818516
217587
187939
689916
469235
92974
895471
550935
942174
273751
97758
104335
137820
63956
527758
743113
91888
387993
169277
583483
89298
188083
798239
958652
557352
930972
589668
812186
147288
622189
673024
369629
132670
56861
82663
914857
866022
129449
381443
651118
372283
696745
571804
63114
142282
6317
181056
67566
808991
246336
40100
568681
119607
722286
164066
837240
125757
824508
77017
151208
81031
214591
465492
47976
47354
747011
167165
723752
739717
302903
693450
569946
320725
502
315213
644811
998283
108482
262640
188221
707243
203592
674798
483893
313138
243355
588091
236895
816792
732026
807002
791153
238307
333894
187500
101237
463430
702538
819305
669067
711521
744327
915273
258116
945404
711415
360565
16972
571428
592900
801140
963167
322762
670233
805157
719836
816540
593554
536084
742636
332428
865629
375479
196417
368569
231228
795853
910579
581082
646817
348922
466028
523660
704901
842410
160924
819961
504866
112459
772593
725829
506840
434623
151015
73983
899634
685411
227396
622454
429212
617617
127016
932282
929400
482674
459652
326696
659148
694924
243797
680407
326038
528719
673724
380451
571513
562097
768504
32656
131136
451550
825411
78297
938602
703238
736988
609870
269969
143960
903323
341578
811848
494482
816268
338193
534929
6558
171480
675129
173413
972100
413364
741406
804747
720798
900430
587864
392165
763570
395867
367212
979376
11219
411046
444208
360263
527534
221144
238848
481964
7663
192207
425815
89724
532500
228835
167485
730443
97066
294163
735342
667393
758347
830160
635313
404310
718494
506503
977758
138219
927295
953330
476861
349931
444218
611591
687678
265376
914031
532208
883930
345135
101762
373287
999773
467958
515304
849986
600331
382479
933878
675369
210896
17149
439085
219618
668721
843754
331988
110121
390530
620655
857239
87765
886695
60052
839374
467950
286002
591315
425116
97347
692558
974729
168248
722433
611156
184327
841395
615574
655977
193526
428618
774499
778731
414906
872420
887648
158207
647129
491084
552610
316469
111268
86753
55146
627236
372531
514932
974489
7861
117348
683338
974550
53136
799022
249525
158562
958361
67056
68029
764759
50439
684544
967026
736874
208864
972425
65964
558090
544429
435697
277701
826810
185752
969657
196849
778707
322340
946217
484387
485825
649520
926721
118405
672845
568430
65795
527044
824332
55295
798321
589741
368377
169100
288895
929322
635305
861543
603990
324289
741387
967373
182491
496880
695186
933558
26266
166258
595782
170672
805383
736588
394532
795188
529439
270145
181935
633006
302738
517166
472684
5327
140589
865321
41281
261591
813034
722290
715001
507148
602783
555949
558969
614451
507119
570082
3220
402270
875366
25691
585217
454502
325300
486514
211161
767707
354682
770353
46020
362358
258125
265986
920874
410056
607032
223488
279153
708313
15998
670663
413621
358149
22317
65545
785906
704407
31466
568873
896949
68477
186274
282736
262723
23705
130455
563696
370342
338803
325580
835427
410218
125519
436532
267997
505014
382920
233562
902261
778200
994958
128613
534082
825147
251534
982572
413367
593016
369631
201297
426520
176725
727193
892380
509648
99010
929674
442464
928111
895202
911748
42547
557159
769256
847013
185489
827429
335112
791436
545466
457080
671876
619148
679355
909667
363937
782537
85063
746320
787072
82684
956127
953647
636352
410872
889522
634170
258613
927186
522788
385760
859462
738361
682705
810797
524474
397494
60190
865761
971706
304395
375017
666129
118529
937729
141823
294765
305638
30118
32075
130437
640358
691595
67571
949152
766500
103370
550359
193819
617999
447791
729410
587717
105834
255777
666066
945888
276917
142070
181410
918595
462866
819297
197425
611763
93236
479661
818342
89427
3030
97065
395772
806205
808942
482042
777280
185579
61837
448375
287699
695572
803805
284761
593126
635070
842225
716476
649976
396521
562968
434575
188012
299152
841964
909167
168677
727816
957521
704144
164609
257965
284324
459685
34365
648444
676475
937980
269313
275418
173582
419387
902381
50118
874203
92970
356334
62104
412340
378962
275290
353348
496245
459408
557067
514427
411615
206423
195139
258595
865783
360260
50135
889355
465971
528095
601248
769442
746653
881005
409260
224863
728556
136329
821817
974842
72111
54018
221933
775252
378093
517200
542527
731878
705235
720367
710309
341746
614361
282980
448049
764842
241181
904394
679006
635259
635101
489531
780392
291584
755022
495739
993633
472505
156903
972198
761964
868090
532048
332479
630560
499149
637335
620077
760665
768979
521709
554839
423089
806134
996824
894335
430443
892921
53175
721934
590947
49900
253220
16732
413668
143592
695236
315362
444931
238360
964713
304843
62039
713875
94362
800018
313399
510563
875351
797629
385988
470663
64316
389930
290743
940284
122921
455171
442093
888177
645755
713378
306118
947642
511440
797197
113068
637310
699614
204045
164596
338335
731810
173344
450124
463598
617672
832591
100223
246446
506608
470246
131487
7785
573184
824542
244243
218798
526946
652282
710910
976644
244533
770794
121241
129577
746096
799297
329699
45411
501556
150627
97732
214613
372904
260338
430663
261667
113034
318019
186617
808878
262036
619779
682439
72270
80443
446091
282567
942837
128688
6136
392617
507292
515711
282541
138420
626611
519495
84264
2784
685860
926582
4461
994464
805519
688737
24112
707902
964424
864806
245384
402040
674319
941879
60574
614117
421270
769878
624511
761071
991748
273880
730203
900635
604420
948359
551330
731198
677428
884895
562353
929999
913263
213940
311262
61431
584756
969377
874123
973487
26571
375672
461084
131662
644701
31823
340174
38600
84780
209593
999813
309005
800489
504138
133678
863179
251847
148137
570386
197082
176603
619796
34406
802961
643554
689620
766701
56742
711730
883163
259516
308177
943674
676351
290058
257191
876636
98559
474271
206125
229042
290867
393891
259570
853259
415044
863230
205996
504613
15262
426860
996565
392928
392498
326442
840298
585627
924296
711409
651436
37393
534932
748020
405911
623293
783189
57638
394827
337687
996578
463646
161245
865
900631
200576
897254
794961
76469
928042
271017
401728
307725
945467
804316
1275
202740
787693
192488
664906
753821
482496
641620
820866
376374
819730
304186
224622
63014
592431
836809
440742
193245
177089
66888
650733
53654
287518
817050
438057
174894
73013
295709
84749
463046
320946
490248
486963
662722
688360
309976
916170
376920
645566
923501
78355
901204
608792
675927
876911
872590
283917
392718
11584
86545
649989
585103
202867
625309
174968
460754
347242
919629
525304
728900
483694
698090
16505
200800
431834
744288
218559
293749
974734
490201
375742
657541
904759
378331
244018
458392
115460
464673
568748
589965
328844
815778
541995
608171
680600
351636
221634
776020
23149
824979
515006
525312
467145
678597
985600
969243
776799
624766
927626
603886
719828
795008
310767
549913
200459
862919
994068
238556
360869
294911
154682
410633
297135
646142
317663
475321
664253
556260
877328
82051
563293
324011
914450
435132
131626
901618
170102
465337
471147
989042
958492
582880
378302
360720
217165
89190
757330
558075
92028
560516
928322
764094
114635
335598
773059
973959
344157
847010
457964
914334
95251
870884
463554
611589
503568
270876
73131
543831
218919
919583
319655
779243
918034
764313
819695
562984
834513
669583
845156
779403
872257
481697
988159
137232
948276
687533
566255
331396
400824
837519
65708
386886
527039
867609
355253
380860
256961
695422
565008
873058
684759
697983
99047
995472
377899
990330
584897
665818
868109
71757
227607
753948
976370
685041
781838
650562
590033
164622
343582
658205
47434
84602
584457
514906
363644
946493
870814
592956
462523
85118
419322
422651
618368
201852
153408
835945
374430
774676
763609
87086
709067
23793
820805
103076
668052
200192
670909
329910
482304
715313
424214
86486
587863
867459
290946
866131
185651
348014
413880
115726
298450
811698
781348
617508
323792
332785
519074
616054
146040
620975
644106
915257
853226
492179
715360
476007
702551
897419
607641
494813
530714
676875
767673
762075
824080
220458
247638
179243
389054
493548
991938
431709
925810
734169
627079
620419
800576
645215
638411
714729
659673
807772
925667
463474
432102
215138
789456
634031
155991
702954
885573
132766
488529
299294
295914
892662
591553
266205
760610
488794
533912
79686
364751
489145
657685
798565
379849
786466
789872
444671
505264
350260
455885
525083
663791
475090
836467
819692
921151
720995
96602
84906
415311
330176
448675
323536
367249
481238
17591
678102
17752
134741
550351
354028
185833
76837
707879
64930
656893
549786
703858
623547
408725
917488
530709
627897
516168
6524
172168
237636
184704
442334
777071
826355
426400
349268
918318
345796
21419
876812
985662
859864
774192
393922
204367
67842
328324
55155
104207
743609
270946
72356
825436
994782
219322
577099
100601
768351
65723
765287
770534
768261
728657
306757
148033
258255
775871
232605
985658
370638
957994
816369
54821
558578
969254
608070
956537
307797
435682
488306
149709
264205
206594
6205
411575
951845
585225
169775
315065
690677
110463
827568
15916
946683
277000
548741
580393
673
541148
186526
747908
589024
613735
352395
834968
343884
684765
366276
283415
757030
885709
382958
184209
350250
911848
193004
589978
26844
63598
871356
439598
677441
511221
337006
430826
626310
920991
668288
833461
512756
897341
334542
874202
254222
903039
901060
126698
538492
848093
840938
782863
644759
10118
332888
131434
801055
864669
216265
947799
548769
199964
7850
36420
66926
498603
734989
414177
948332
798663
842301
789984
645093
66268
675817
897545
558250
835736
510250
443009
873281
992734
179752
835442
753240
781514
135875
336398
55102
827857
701479
637765
43194
58864
419838
380784
240672
653537
836224
182572
28436
148038
556630
526491
169785
83406
964845
593285
150700
73474
794284
758722
724821
425946
231826
87948
926535
468213
905866
526492
414877
206834
663642
839728
190408
919483
680303
424967
134246
674302
739567
815877
590328
328056
618240
388913
806034
971477
710392
976413
719988
204374
404514
595027
878691
607321
733590
697857
315194
580986
317886
758048
114345
697531
40039
423117
260733
266425
606689
986104
909849
129812
869804
741817
272897
831197
512725
466496
941793
33716
974045
854062
810681
699395
57029
234429
428841
203184
781738
212014
743894
899595
579402
693655
103522
588432
388493
421960
759721
858665
551575
54798
783901
223074
424174
218887
731528
19135
442821
938076
165247
340194
779822
495433
343531
503116
385977
308528
712983
730720
19473
292305
277707
961517
231413
462890
177800
958670
247283
100809
130585
77272
766488
815800
330581
250258
323216
689942
489045
582296
15496
378274
381169
945291
769664
52623
256932
624262
361297
458263
978188
199437
826001
176524
341805
850250
234650
661293
454162
597030
546732
594259
30743
530524
551818
84733
913078
552267
263950
627315
182913
957182
845412
68300
156014
682225
543268
27531
346813
461098
143886
927477
346698
347314
633731
838759
172499
983929
442778
486726
900206
922191
968333
18327
505157
809701
853705
379952
349058
42928
924543
746943
3567
874616
168774
792968
680221
767469
940537
192759
749634
622366
754051
907340
314280
792571
458586
83099
757408
352396
522949
161740
4051
57298
243400
221724
881327
187279
430017
319537
203570
67333
149314
250906
452675
258982
628198
355367
600773
588815
145184
354767
959906
475423
4251
457706
520801
502025
108031
132180
431284
49982
375556
232970
658565
836982
374806
391125
755015
690123
778953
65955
678533
649436
955833
68591
13902
678704
879609
989496
947585
780949
58926
951981
600934
294334
617476
274184
866086
225620
979494
310208
74706
12053
5260
442109
830272
450446
72397
802683
44630
985302
957912
7964
960341
26011
190691
784165
996803
910218
46749
391525
42866
722735
622488
78048
245945
903814
101218
258761
614059
344963
763497
482938
226407
63179
534465
335135
517649
765039
216086
431829
740999
344063
594151
331642
475026
454780
859028
979634
489388
167087
860213
962731
303543
472159
359024
653525
148895
132454
734153
133531
311569
824212
356306
294090
768661
534225
310635
663949
54255
823844
324437
242343
763186
406692
754200
891623
61164
992385
643697
740851
578218
268567
870793
793707
977820
921834
241910
244119
773968
837267
980038
564435
140253
353730
607051
597301
334593
824882
688197
451399
520743
299628
183982
301489
932522
658221
928773
397978
785684
226933
615035
738205
355444
752176
899510
976840
559657
783051
99779
774583
113378
654117
39548
896314
367357
987033
401349
998010
716200
147131
525941
949270
430224
866776
207837
968648
435695
670628
488785
499878
770059
186083
692826
178205
406335
405371
244392
388221
172761
883633
673397
744597
18734
301406
545612
737650
249296
992550
939686
494427
879782
732645
497546
816872
120121
823323
159184
822323
42412
252155
993509
897833
787104
379314
249840
160351
827713
894769
864855
271577
740413
276437
641318
376720
507846
536087
982675
607426
250416
446571
63374
231396
127521
857540
714543
65176
169261
553415
373531
843217
210907
429397
836206
95235
437216
301162
504292
937522
462326
233684
415531
489478
664046
278346
877001
885953
634278
319787
182067
904426
808619
824076
551473
555386
956843
106289
520546
846914
178170
653485
588600
833233
482114
594131
156923
905497
253673
72171
805193
475699
674259
554407
188983
105494
616373
378651
327983
388594
41549
291690
342283
305935
11525
606511
657249
476434
75755
64432
701486
863222
673313
368820
149179
17832
957068
584605
730543
394763
289655
444717
934059
817763
123781
21836
269347
568863
796607
216280
615487
85728
539837
289896
74968
12511
356362
149007
922035
874230
975096
905694
419442
314580
641088
877955
921699
740993
352402
556134
454457
11611
792435
272393
363546
190347
870242
943999
353360
464146
978590
783590
121876
357234
165043
997429
850602
318483
13076
168339
588079
357562
307801
132463
186359
240463
403566
953705
291471
471091
518671
253249
94889
402618
310364
842399
602283
955038
192551
644989
663354
211575
325259
311498
313403
363463
786518
313414
129384
226861
307682
700400
487390
266716
509569
380327
455327
440979
67543
836872
785513
677022
551857
108298
715422
198423
861822
692741
528922
44471
245614
69436
411895
974240
297060
794591
837997
342124
153397
163895
39002
114413
400268
479181
175409
95154
800982
389714
741446
465433
700002
534054
12097
727987
331960
373091
828066
739030
171166
110183
734790
770101
573887
9160
738757
852949
536913
391784
882395
942500
155714
740136
866915
808269
376857
645807
950412
40130
520434
876651
795215
884801
772853
347311
626794
112722
513634
740782
757992
330623
212987
446712
412338
626980
281779
477005
858798
693921
163473
664082
516433
798219
624342
934736
262218
930523
499340
824504
556872
334682
92524
698325
997104
513484
855956
63703
530272
166237
969829
393085
327604
611859
6077
295811
42870
240850
499329
88912
479133
305193
965183
285900
282263
465242
591658
197461
852526
295238
325142
803936
503484
830588
32026
920210
344028
384362
526543
256342
501063
629456
961085
363469
752216
848676
96356
677714
298296
295263
739900
386044
962171
270628
252553
791159
447880
163587
507236
434823
17035
154132
879851
378608
895875
290220
449373
896974
319788
11992
301148
785194
857589
875240
785613
109800
544169
485181
610869
549309
547163
269765
652107
856642
558921
982380
766787
138049
427692
853254
514386
416224
114119
747443
297917
434678
589555
166608
148316
499776
848272
419681
815573
871128
471704
744921
687420
647357
832455
971219
39653
118700
591219
471793
780724
557480
361730
643486
315434
345710
136367
555700
715401
470373
397289
934040
854531
522697
573899
695133
784728
169224
751625
250156
182112
107702
705583
402838
789363
811590
526981
148779
175358
593307
255245
807250
829884
116241
38113
495596
790973
669813
185384
886762
105478
944042
838725
461148
201238
642825
676107
183789
818358
85207
807086
818652
364000
516744
888662
203532
932869
726337
980573
33742
226310
329639
168379
237478
646800
288134
307547
323611
91977
73385
268322
88368
450109
835975
514780
466079
268590
186299
104396
303832
471687
359163
610421
559458
482268
768113
379574
456584
178482
150778
619817
399075
419214
786126
758268
482537
168041
60949
224805
786464
662839
286487
830093
366353
200516
356114
861186
841037
606025
183712
574302
82199
576172
660964
69843
775737
446294
568148
634247
457200
157387
594126
108962
859219
374505
112965
554105
744329
430455
924723
843806
603059
926395
153675
156044
707978
183370
434779
918330
784868
549022
13888
208274
45259
137911
341391
419725
972759
314989
75784
126211
159452
213735
472555
343353
178371
53092
887351
420204
197375
608684
264998
921614
937656
938990
439307
614299
50110
822214
605412
446311
112270
586584
569086
904833
387061
978096
932588
980954
743607
873871
356546
505672
65772
249392
779520
673836
14876
901921
667301
605065
725236
809868
95884
387021
387565
558331
445149
140905
416082
410845
904701
229561
772990
388542
363098
331246
924814
604507
87549
715258
100245
173941
81527
437716
328605
725919
440306
988560
234953
833646
95821
893243
700028
101691
38092
581584
149266
405377
130080
899920
70465
866508
924303
473681
586042
560632
902696
831652
316311
551013
987038
216746
923706
95833
329117
918387
92341
156697
276470
640544
920557
709234
915331
439959
388241
831188
148703
47008
84836
800037
393905
988471
276740
292156
831490
989290
977219
211013
669881
599664
758846
720852
950987
99048
509602
393632
821503
945504
241865
938052
9958
261685
116991
150757
365214
625721
584492
787822
190917
490612
298814
281230
773253
511124
518160
788995
415637
640920
745007
728549
72589
216095
74363
898509
585848
881409
171386
986676
174922
974046
920784
767029
642771
197323
16612
909948
197149
615312
402843
442297
496236
201001
207524
18420
534265
643848
76225
613534
682813
207655
873108
692132
267084
848243
879952
835397
180758
193163
785642
792172
610937
848863
736618
101075
830859
572511
920396
903768
7272
600643
42631
600213
500667
728009
721533
333562
252592
669076
715195
699536
658208
325354
299698
928726
987360
42620
894403
510992
412176
791852
243879
599593
610001
792231
848758
939952
127511
532119
210607
640516
359168
471818
556931
245436
500899
833887
255494
640881
570178
121751
662618
264644
358999
689403
29288
827628
282563
866119
267144
998507
245521
891459
368223
391521
318648
603746
696989
923509
963243
868798
365048
693744
270515
949365
478037
717346
30840
537999
891726
575039
497765
282723
505792
777652
485067
62947
257831
162474
223184
124802
510728
135080
868051
178641
834637
396137
730088
46689
361058
203630
460137
866795
104374
748503
647507
739066
194575
806122
231009
628827
910459
696811
446793
259224
881121
834695
548728
922058
175172
124576
314286
839636
592471
700742
24272
346689
586994
625648
133777
247351
431932
779412
748816
665462
527797
29432
526603
585130
182849
3046
757077
874014
277324
50886
172721
216744
912573
457944
554285
627744
216590
388425
301196
802628
217169
110653
322869
17069
153423
856662
388273
652544
266679
117996
768485
332279
839805
933769
64766
138934
220347
887749
443076
413047
497999
502727
252705
603347
888567
759529
945992
200602
971520
863153
206844
236933
866971
153069
883012
208656
379305
593824
722280
944293
286839
273787
252940
499953
689141
767852
871706
435988
77093
48989
906459
307653
225400
730830
903103
506416
734712
866622
388612
310974
92462
158094
407826
400920
419053
863843
20739
501560
833364
681846
598786
962770
437426
488552
535469
717608
561348
451588
473592
632703
438435
21946
903944
802775
327523
841046
420673
729654
720719
406229
843330
733915
658629
699301
927596
124181
134509
581908
801942
769120
585536
262506
510363
53822
286303
529548
75238
259141
326134
754962
610024
104603
268897
900561
623965
882774
827576
135387
715155
459071
581220
186467
393102
70302
442330
636032
949275
858331
207955
849136
437
616685
475383
168119
576109
158746
428440
256527
315175
226898
581661
48412
186726
248597
575314
669715
494907
35910
638649
827776
554253
976868
865269
476410
110245
208257
67917
999758
955260
754182
841203
419412
800694
474514
742572
606232
779049
68100
416978
288612
127888
270636
489092
78569
557839
680129
900314
327410
667726
5780
777526
957350
485885
675698
776504
96115
294066
255189
606816
106235
620323
279491
892972
943185
539729
393191
298934
745456
715558
642717
5304
191522
339341
70858
582311
936026
51264
601924
168592
977175
50139
394222
865219
392965
632892
213963
892983
251676
721890
44006
120562
593288
630055
845642
397650
383117
309425
38062
251893
192590
440487
194761
825905
297042
344816
247222
120310
99399
462091
210284
124723
335834
606784
87669
677330
25368
822395
790402
401132
202292
693489
744363
680374
983340
81192
743760
344853
604674
995902
837490
359393
805844
744338
306227
415928
501810
862779
611194
649832
226746
630699
521965
410638
785024
493458
940724
638793
488642
657369
97632
637846
271764
979281
594023
892093
592372
832813
781211
50301
945077
869568
967471
148467
757256
505703
165386
770254
26340
464389
352412
362206
115198
633338
731194
659151
662137
299780
202982
801706
246568
142262
725198
677700
302035
362556
224937
127928
590884
592986
480603
849017
150285
822485
688862
80915
271645
112035
698512
998584
410691
488034
547205
995499
335842
355771
309460
932776
977322
785430
627666
214367
79199
67768
358732
562206
299378
485584
321086
686478
51068
273303
547897
586156
127078
854010
362551
106512
949183
296528
239489
152708
174816
22936
582603
920989
909509
753128
342581
613334
19723
651168
495386
95684
346402
363949
41195
181305
816327
750548
717485
212701
263761
214516
276230
434476
349502
672491
552966
130104
951287
31240
366482
609896
700741
306770
799439
500320
164970
494817
615270
301036
19756
261356
501068
326502
922671
650004
858211
155310
710344
60793
7558
608949
696117
54965
161868
156357
161187
835398
374492
695977
179421
399053
977800
456471
959439
384733
507518
761707
759353
778326
883662
566856
198607
806581
450206
346791
787535
324893
711769
390527
643798
924252
864015
677020
49980
798176
318664
447349
74887
307651
944119
104540
687075
859535
16209
357886
614002
672396
980259
172083
904458
419126
90568
827197
456285
610688
3375
107463
171613
662917
280363
569671
253861
221755
806705
863984
298424
813880
60479
974090
985337
943140
745912
377781
420271
525489
821612
814602
350224
330988
958747
886359
283383
473287
618675
74896
355098
133128
990494
932917
846541
19103
882741
780420
870671
745335
712511
274388
377617
309587
431404
771729
783892
413251
412299
731907
900317
790825
571828
30441
500837
236247
993336
719139
526283
343031
548083
974183
701255
828547
881657
514710
779533
752139
131860
795178
510491
955177
808802
900720
626043
192789
749247
240030
95902
711646
248592
615683
125440
292031
717056
878533
768266
27831
177472
891694
680465
181958
852415
304170
439595
931301
520727
864601
108745
116405
415977
720812
147171
549122
543407
280360
741136
515147
80161
506022
738989
676622
513695
195030
75839
872355
127715
78959
661920
262498
772940
959808
100076
431063
959866
474865
86152
162023
456377
300195
937984
276947
836992
821250
57171
693148
578221
903532
530979
248432
344139
774428
84147
969869
453618
869644
309523
669553
581784
536912
428383
48348
114807
506739
207375
316657
822599
593387
785926
585595
901177
102949
341319
499603
585006
197459
518346
36665
572362
960439
61604
937776
641585
961844
884278
626136
910258
528412
55998
733323
363684
64698
664079
860104
342243
994001
581447
22730
972301
255591
318754
718274
498092
962969
321858
177648
797296
135159
652567
321103
963041
840793
100585
872390
490689
194435
354900
485452
712342
620359
427946
774940
665655
516713
393326
288322
265649
22540
986781
520942
118683
303752
190433
259235
271589
251902
547567
704249
255238
449007
779133
53926
75699
935091
110274
476486
393526
745368
626841
415604
427965
568689
977120
452017
807698
334337
11272
53032
365197
728871
895340
447511
482192
230498
940922
247620
633730
485720
620597
518041
8753
485931
992167
63776
491764
503737
557431
45487
674471
489253
253156
214298
709396
781163
414221
11165
539549
243955
380384
65462
955815
827623
618918
764877
172260
522664
773137
928250
847281
549655
158570
567836
791827
646299
956945
3593
242957
396960
58510
983031
466401
530441
385650
467264
531380
221320
779645
843657
167104
38563
910694
63621
754337
359212
250399
33286
414109
733988
32036
395151
911118
138077
116143
291033
348647
798432
85210
205919
687600
436627
662560
779362
179244
578475
706471
340208
83874
987392
895357
355494
112894
893689
839228
627320
983249
505710
161885
881557
50106
234327
723124
333750
637691
621453
598406
997392
917981
276703
854710
468031
588487
552488
469308
789581
806673
40630
326749
758177
577407
210951
613504
268838
542716
985221
994770
75430
467194
684217
879860
331809
716990
443729
872711
840031
34549
568923
998155
119627
402180
307187
839430
471468
73919
122430
963199
291537
663115
864432
535302
382352
915840
665501
250383
545171
505206
929264
54107
719637
576561
138720
892822
143926
209679
747836
590512
480373
680014
123328
808517
571794
695545
29691
113047
365976
112971
473395
881610
596752
888659
730444
152456
170969
19867
29671
314931
414140
632764
986731
122656
995904
129576
356698
596786
980008
59635
370095
952917
631364
119663
932008
239340
463473
305715
305000
816894
261014
323531
523089
463380
147550
699343
751105
673247
450972
717235
130086
850470
621100
348804
767102
440971
181088
456887
209198
276112
989873
484907
568479
645811
125337
973418
347655
267484
296150
281048
679379
936165
859687
715574
627724
941070
806545
178938
539018
855745
581426
938407
634549
186985
325070
586894
5490
91512
845983
972137
220379
108425
651567
847554
615830
746899
369661
303241
491758
911346
581102
159768
172270
341196
304453
853880
841305
815353
23287
81694
718616
383344
768181
662906
683272
989240
357608
351888
424961
932001
508040
468796
207340
598150
610406
46902
735698
69170
665978
766176
976952
855980
780398
112395
277292
561007
680209
851750
364855
49917
716697
329254
61976
592416
186093
640025
962220
724692
316872
383088
714944
667619
896428
621539
611050
780438
942922
797095
128264
828069
805320
124820
336914
733368
931999
133376
691990
695
851363
489736
936511
189692
489360
292967
23125
421831
189640
191882
777799
414933
979469
572713
4054
750455
765872
294120
193318
556904
892444
553875
961486
209867
402778
367373
462868
210716
716379
259347
651015
164798
780953
36700
921381
833291
107727
30872
261091
109341
651718
53616
335490
118573
118820
956791
767914
79192
816483
795571
587284
101707
466612
496046
853140
611600
172296
946229
402737
116686
965259
674268
989612
103095
876661
925434
101678
758023
687889
240740
362750
488266
537485
464631
280440
322460
993096
951406
878413
708595
858300
60740
386531
199136
873469
54296
174773
316758
117544
923323
923577
610042
918305
185419
297428
12430
2544
964518
371388
26985
652150
200465
720593
659566
973123
611184
280715
886332
652829
741500
20506
44884
343691
99192
245397
377140
69504
233000
44005
770918
390518
892674
304952
177275
978037
48625
178506
973270
802189
700875
711992
354264
854294
187141
511520
520259
575404
35200
278213
807407
920785
860337
292525
113657
580100
41833
117944
89488
23933
507622
346210
432829
445884
469076
106091
258146
329561
353050
342012
592088
243108
621021
982420
149277
102368
880179
485514
77492
782320
268453
132210
656453
134728
342326
105263
239581
63223
903594
253830
271812
72211
6490
16070
770473
567688
447240
365570
769037
523479
362546
672166
82050
266457
275916
524932
336874
400956
457229
188869
504002
891007
162427
805450
431072
913913
410237
347444
46396
51253
879235
605258
289259
83593
825200
353233
558652
880554
712933
227639
630475
875939
668157
634070
941788
862885
435777
823733
519388
384878
737899
501314
877719
166895
537076
474148
288613
440740
214949
500115
493285
761077
166262
912322
624439
25627
422541
689907
409835
383387
365877
125936
911571
152084
667953
355944
753379
679535
850574
559563
704206
200957
127535
469592
876730
279194
607217
41494
751786
18957
164274
228277
735934
920351
694554
394743
823511
342417
342237
427373
526915
147954
249771
96766
804399
978664
413782
840784
80511
869454
762690
395897
10489
503796
988397
849705
202497
836781
379870
832875
463734
782083
642210
510774
498414
900157
27465
648145
231570
84375
3334
384889
579164
954349
703874
639650
877778
65452
497730
329015
583742
384530
654743
703250
405413
559050
553827
958949
373381
960576
95185
289036
91395
168795
459541
384126
393196
873160
970163
497308
649254
526187
710234
690916
156667
686068
569331
536828
638226
611658
278695
730724
950103
578682
923781
701832
965795
31461
145172
596047
410459
442731
301464
881281
872228
959876
153459
446561
758189
502966
287974
396318
614798
49053
395470
485154
129581
856724
594304
906084
967891
874494
161168
262999
462036
959349
589507
450203
697363
367068
413676
77774
223322
962976
887334
212057
841277
967246
491737
99527
859290
858155
223949
618289
283638
326117
463086
24988
537881
990681
75395
66376
519168
310638
497825
387950
704755
304077
906446
50049
139470
578623
203426
464316
199596
795518
435778
308128
734918
47896
161249
957396
257484
872098
6385
416563
510159
926698
918917
602159
425504
777209
343790
656081
405240
227170
77380
821128
788027
793798
21622
514564
838109
600359
180771
540198
808907
227086
981703
224019
113567
28315
998963
241548
53983
410266
843608
562871
117602
30175
677909
936842
891390
629412
405358
797583
882449
466322
478801
1457
64819
647896
396833
502414
679106
476411
735769
344251
117250
483472
815722
20532
176632
307644
480493
170564
433406
337470
846820
42855
551025
817361
98195
487124
778615
615801
133582
982440
830907
78623
863105
267430
334592
110962
659337
398728
15819
790895
77086
59116
319125
552809
261769
715602
640609
719269
90973
893728
858980
808385
345604
111928
474462
862789
242171
422135
859394
287545
314057
9780
555601
370066
813013
547643
88558
658946
90116
4091
834981
187930
775874
558919
341850
38852
758675
832824
244343
409224
636291
716310
615290
212709
409987
624610
940058
243528
966259
519945
878876
831871
155511
262978
703175
489353
503394
343822
653567
404524
234218
458267
553107
35835
203487
91836
17022
797618
777950
148215
928672
510961
250227
676041
529838
392295
540029
125557
522786
591317
318646
723249
712814
159541
996606
601726
393307
66971
164809
381946
966970
979790
800379
80391
23360
551456
214565
213055
8126
309388
420381
756498
923531
526887
366597
921285
602940
989668
578836
221848
398578
640132
854491
374516
752957
156757
67147
656171
481996
715077
536047
233987
498313
284368
239931
727311
476298
450060
680256
361634
83116
269616
49969
978782
726304
47701
727886
796557
953972
27429
361113
589050
981263
475951
34116
500699
339613
844782
423632
406048
544394
576956
566067
171162
464357
118204
659200
745220
524632
433866
279078
40771
597261
698708
908126
355354
587077
498357
3381
577824
690927
265830
681190
255298
784653
235489
772994
215227
20032
25840
61175
428423
43831
985839
912436
519855
115475
92637
932846
66056
944532
717570
967842
588909
403126
179732
675857
369653
311517
491643
53527
551585
59796
728221
748917
742108
737774
94733
269741
753333
682719
356447
855688
45599
478545
779205
935269
235684
525875
94646
220247
247069
655637
836975
347269
181354
23805
230842
421365
77290
249492
676548
148495
161272
550839
45756
206607
318400
425629
973454
24431
980322
267248
397216
811587
78836
501670
730889
538803
613395
129123
789636
447079
986562
482225
534167
330583
599939
333436
903169
541192
477172
444682
379734
338194
496612
162356
447578
831806
259796
882640
776933
638508
911720
749791
255241
391519
979307
798241
572503
577882
719207
512005
5332
670507
468191
386747
820116
314233
396172
73751
768767
703325
400648
47239
517137
129737
381120
625435
338070
923818
807318
117776
774047
475827
376390
853805
551538
113142
907432
849316
958575
143454
126281
740613
126519
698744
636856
235334
624068
838481
133425
472523
34350
223023
172552
904261
245195
630087
822696
604366
550862
284353
411193
153980
492214
972448
899659
795554
562377
762543
94095
660777
300912
311592
553939
694645
40556
281118
292817
410291
733863
48371
285019
786814
996112
549052
504511
285198
786684
815077
275718
708119
875341
564662
576132
986256
302719
100665
353996
142870
98520
676683
276827
745965
573180
158318
638283
943801
954998
701283
272133
667415
335663
737748
36532
746334
230545
237468
995189
361516
673860
915937
957518
681139
113254
820069
590212
619577
903461
962062
9389
394506
519051
519709
968371
786544
907122
347575
66054
217197
770785
841965
118786
709517
417570
538719
386108
738430
886969
531008
561467
562538
415917
689808
979773
970531
802432
672741
186759
941524
370549
632407
930624
220140
961393
583909
504099
952208
205087
20267
786497
90156
80262
726677
973697
675071
502127
504194
458159
32630
114814
522284
353487
244934
199688
130335
243984
840252
346299
53693
614480
721702
342496
374305
409015
557969
181280
836692
513023
766512
739512
666987
267202
210849
964634
173492
640232
158292
891789
86747
938986
847368
688609
481572
481922
366377
867526
606318
799063
468160
865132
322928
576861
144159
152555
386482
163619
343864
615351
534775
839618
990175
142476
659099
258175
28054
628367
766035
826236
166022
326658
642736
657488
159066
406637
212191
781966
379448
724352
802867
493119
852745
113892
485420
954957
526912
800614
506247
508736
529735
953988
424416
361325
729950
556676
634377
317935
707025
179275
902167
792789
875750
515656
112197
691868
391325
156588
34907
135639
348289
645877
413126
837640
961909
859689
416108
913452
197810
227192
85488
729630
150366
980506
595504
77291
480014
989210
228569
306893
344047
562281
773558
506763
916808
967858
316905
357359
127711
323519
791224
305687
726652
892542
254669
14631
670841
347973
108163
961584
647983
726550
873804
815162
124104
473920
910635
350706
131893
72793
242808
260183
375445
607409
430068
819454
106941
303611
233550
46441
908402
349969
415297
240993
521419
680623
116014
102665
338152
735931
125496
822192
845700
274340
529807
187214
156981
19192
842935
122948
458488
516781
986946
268826
167910
269592
129905
499487
243710
932357
183297
169123
992850
209790
385701
160300
630458
998898
19286
680427
238216
544911
812886
714804
891591
643775
321735
905555
550335
192409
214598
40505
910858
835158
11778
858999
571837
535430
106320
377995
986179
135137
584311
104953
114004
454063
927197
181331
867184
917719
950661
396397
670981
436195
560487
848764
912905
244660
725466
341714
36192
357159
973095
820568
743300
544194
205989
108248
135191
691076
728439
965797
952533
103945
411666
497598
265829
534346
744849
190888
52251
861224
969105
644072
809379
69922
336134
377590
233005
338865
920604
651815
701257
702079
717840
568755
410518
850622
26811
695968
121320
489515
609026
192988
776206
886097
359076
115365
201570
564129
175771
691397
991852
659067
105609
644859
946768
444940
548637
40176
196412
244069
623674
928280
68241
201448
229766
678052
433261
5310
301051
507262
966314
882807
77034
973213
899702
357694
178054
760180
179838
374357
291513
836858
359749
996940
829031
463306
245302
876491
295105
927885
232724
486453
162053
52759
928484
35062
845972
670842
71655
699068
384060
912150
561743
429680
193670
740812
285172
561130
370479
241820
369828
17307
451628
904113
495425
65652
806796
881958
709074
310328
917296
541101
717374
331510
630048
23244
44795
892730
844598
329707
403844
357544
435757
441208
688152
939087
65873
364033
461029
832436
244175
998943
884610
94327
455110
419349
28086
549327
166915
154546
121238
86605
714430
5338
635668
977186
703441
799534
879985
406131
474559
660517
746691
841861
547161
671095
525757
198353
91371
582978
777702
846283
39715
171947
745
15487
462542
766710
928291
423182
110382
44149
89951
183626
850503
110260
501260
526809
805685
356023
997664
549811
336844
180343
54135
551418
215640
394085
795109
763447
920097
879568
259528
128519
231842
667950
455161
532757
225537
566858
176902
822187
820782
392486
364585
693283
709251
901896
325818
459322
595321
327430
55182
550561
263541
427785
312633
280034
595056
721727
904114
962281
131225
450026
24281
498131
568920
932469
550418
426982
614532
514430
95587
566936
851201
265448
544204
922772
69915
910913
263600
76263
560807
957201
401922
623468
216730
512578
29368
398713
54280
854527
766158
728806
790813
438078
555843
215916
187887
256915
531695
276018
29665
356651
540013
250552
680010
695358
883866
376964
142773
345748
579878
849372
968854
411611
994824
650469
215990
679466
454790
501625
668793
6249
363539
303529
288428
851531
23093
826954
502779
815009
393272
329587
750167
186826
99241
262395
546150
253234
677292
975654
256879
700518
625811
168844
989118
15432
911100
987146
129285
605424
780467
676989
343038
274115
153203
242330
986480
3666
527451
765093
396793
114799
550701
692110
182957
641258
259822
382807
732135
629068
209253
608387
387901
240384
332069
331314
569376
36624
161219
386915
630473
279265
55753
628806
344362
505057
440266
575917
952527
334657
616554
154683
105261
483572
152265
753377
784943
504132
558214
637099
224265
738471
691236
599648
734887
456795
355983
872842
98485
124699
589273
551946
389942
169298
874673
216065
916470
671932
104213
921592
129623
141742
944935
338950
666449
160998
117176
298717
608531
600445
967435
309383
989914
491710
135076
866889
512201
609015
269407
922773
456045
211276
154875
660436
208784
121914
265115
60335
471341
340592
234252
201176
326319
806237
125138
635984
914888
817947
215473
816248
530013
76890
126893
989817
73726
43964
728059
246495
316309
119355
288215
224603
522940
902671
261553
700416
13531
658467
759619
261598
275349
67814
509449
1518
524044
765255
811641
5117
129291
517632
293101
553297
874476
98047
341360
775619
561426
983989
801020
321011
482344
291596
587268
645970
821829
640323
415841
488836
60394
641144
494505
240739
435721
880267
808552
266896
170531
973427
430295
394151
276059
50031
664273
311467
785402
917616
227225
276793
652054
84547
67342
229924
121359
857661
872002
611187
447412
461951
750719
613289
493077
60404
889275
810396
751068
580395
405514
467081
318223
853484
412107
719483
129783
53971
2084
350047
871583
476271
105317
62425
794154
45363
160153
242512
32741
31043
453022
570215
172891
238156
378413
145802
154074
372161
782422
542459
121183
790476
894623
138999
230687
528403
830107
350110
542619
910622
891810
683990
414537
820388
232943
568114
635286
949722
229937
731021
384513
919219
270639
119007
367845
449041
894526
441022
452586
814054
100430
592354
562701
269625
212573
162296
189898
642387
383662
452048
634954
246596
599224
290222
855549
268726
82484
460565
532051
481323
326797
23682
544524
167108
711520
135679
791563
388565
256875
773651
41421
162612
292164
770092
673744
680626
375103
213670
695866
150154
883175
620146
988602
31158
247384
369550
614460
640727
804746
499244
815484
462916
836672
384851
809153
616643
140300
423774
308981
286848
662386
224977
952444
361392
392191
706322
618342
238136
125861
247065
182976
767645
972463
598379
223447
801977
991628
654760
637142
57767
251503
641028
131243
403132
492312
433336
998183
329031
830686
12197
175004
256621
992187
547802
775100
11478
390222
11635
664173
423291
913167
869678
62945
930671
239684
297898
42224
983085
957644
7743
465862
581139
921990
170924
700357
882269
337092
305544
145569
584806
567110
308397
629574
117427
772117
393320
755017
2717
864461
911687
824881
776180
340593
650340
931189
575821
943949
415953
82509
947753
952777
622363
844085
957701
344754
582161
438455
301173
766894
177855
849414
75015
113455
424532
561844
496528
384477
854715
573802
472823
491139
404889
602656
4780
295197
457451
952853
556726
984939
643763
949347
760381
825628
536801
384872
345814
896626
992313
215711
506311
25926
238650
726606
847050
184459
578088
786651
515795
12642
491559
721370
171624
76240
70766
555963
71490
262239
552249
80319
777963
887794
720321
436785
923682
383963
438764
950547
714205
487404
934212
13173
624982
166692
643200
428956
886573
997322
832237
496994
55261
900941
342245
526736
175685
302844
155101
536820
825614
467634
775913
333491
695956
773470
686348
901642
801931
840901
74422
620530
617135
704641
202047
745102
794052
799498
385238
25079
410862
834851
164267
854387
721785
144249
374320
929753
449583
800481
393994
545347
85352
637275
987000
984890
887815
835429
87412
656566
812684
245222
519217
820295
767356
362865
731428
544825
199731
578689
475921
810596
712703
317149
534183
9878
865936
520480
510513
248374
102575
626008
366383
292053
321132
240951
295271
57056
550461
901998
6069
233176
637409
284500
211114
522971
379712
458570
14750
577530
756947
71315
840898
810639
460391
318319
926526
234614
756052
378416
440020
105968
400600
773240
722591
319366
59499
741214
611122
391703
349503
665136
300477
278761
283425
478474
356033
9523
958823
168155
173740
875030
760402
590184
750669
555428
717889
670781
597326
176472
900661
917171
838382
565859
282623
641888
75284
191366
944495
946466
151021
824719
514354
564650
944803
308175
610473
339060
762452
138989
474984
237834
140139
830577
817582
143441
961305
968636
455703
924104
829183
915838
690957
32373
827923
43645
277073
61030
741606
790815
223439
964212
346339
149712
369839
636680
640404
518874
512561
735978
899935
527027
167002
578634
856997
271213
837047
661443
607485
535073
341580
175228
457934
96847
642475
878233
639700
318949
949227
240228
933049
946531
242483
721807
93344
552613
510779
636975
46131
928310
172170
958116
703223
12698
488317
91868
282609
839635
105786
327476
701571
282007
672409
376346
390236
10210
935098
125167
865907
816053
621784
70790
984588
723153
572254
372902
566895
592957
596031
116023
501592
246271
726482
96563
837780
435418
755280
579436
598836
982084
19063
516649
294716
528111
574598
596413
874026
686856
135655
93848
15395
437762
134732
383333
364477
104425
510860
816591
472239
555028
300893
380822
942352
843588
218546
921392
105065
350077
323658
739947
728014
645873
778529
905260
714874
24573
130772
662355
405721
960366
574092
300880
745138
336442
29120
968733
575587
651016
123173
306224
594956
160493
689640
644415
436919
54472
272055
226491
674324
928220
654559
488474
784727
403439
648033
361580
21016
13292
413403
16477
760004
53603
340499
403890
957370
617280
387297
585533
715433
47925
477703
413353
546965
672671
524362
267694
275232
811810
168122
47154
329554
920931
490015
823193
470815
693350
895778
432532
412488
24453
802196
608859
712998
301673
204068
757654
21600
667697
332591
550918
646394
951814
409718
970801
106651
673710
339364
642647
106054
201101
790538
528177
610163
882592
108668
959161
276461
854702
545819
393021
480998
654089
516319
15855
623244
985087
251272
738838
911532
133075
250343
831710
144003
762202
48431
475536
784780
916998
124370
826093
647150
754723
271428
204800
797733
779280
683868
382519
782297
524383
48978
683466
260650
522605
440643
931678
657787
507702
39421
121502
648013
700213
842594
343037
147974
761630
659526
129852
982261
647232
137355
569248
6947
901826
64425
75735
500889
945556
950375
765658
451204
295717
519698
345966
847018
527775
400545
710093
281746
756010
835339
838391
990233
492407
858766
765378
930076
104882
804211
606145
476297
76367
514261
687815
914474
375075
364311
312574
746887
277863
510672
651323
919496
422827
933102
359879
865722
500747
871009
650981
407510
110313
772490
600689
667221
437227
720094
374538
14115
238835
216484
582179
370069
448812
589722
171968
893194
438857
349981
348537
92100
893609
246731
965980
757835
114243
670600
269813
912180
780699
398601
94069
678080
380516
275811
171069
663003
673203
971236
35824
396624
733761
100959
655769
865779
422278
828588
272889
90664
898769
927994
588102
943358
729282
228864
385960
81870
334567
607355
162077
81783
201681
363377
649646
836237
257296
555563
308869
427676
175726
465264
694676
373555
349494
332581
663700
198227
855276
293636
68606
939809
338655
38010
454230
474436
642072
490741
499903
135926
861126
126544
170764
145799
35319
128185
111907
504411
430101
678697
15006
826755
718553
37456
355673
341099
172066
224787
123434
600565
909853
913631
579716
524997
167082
22592
587704
516059
58785
883155
897744
72304
869418
634736
207046
409442
927120
186179
351204
839152
723362
372095
727681
113275
351960
479616
690728
247337
684190
828726
44325
522508
930046
370705
387286
583375
350149
166613
281251
94076
38338
788434
458362
681425
867999
569578
338469
822205
253440
828097
251883
665112
987279
217674
971675
565716
25797
57031
52458
876090
886740
127506
20175
908910
153278
757035
732352
382393
805062
536021
575779
820321
853787
774451
831101
641446
791398
818786
776546
512918
142692
221090
841591
459032
425209
44375
950977
318642
845144
875365
600813
627201
587563
619618
905470
593995
850053
690553
487122
202394
744775
867127
444426
874501
262215
487958
527823
905159
377708
164792
606581
618402
156518
339488
627259
361465
292440
566034
583086
624158
863817
538477
56314
813355
926570
355811
228964
716030
273982
133408
931377
767895
394103
116583
129520
161850
372998
565661
477467
303414
556991
703517
638313
897591
429625
390045
699654
742100
101323
177367
586327
814244
131105
930018
963332
683977
984757
135873
888654
29778
582112
844581
86829
63252
910623
91002
66551
946547
610827
906773
32636
83716
356516
569083
587045
801406
130119
273321
657978
152280
870752
355291
759340
773705
363951
65617
857389
613560
57362
468816
568484
739291
564153
895295
557754
76133
355897
325426
753679
558612
354221
650123
665508
868759
177390
591125
24631
678701
774143
550939
72212
928763
180972
826952
481070
488133
998714
650672
605129
479216
186173
368510
970641
940731
494886
193104
522581
36529
848083
358426
979371
717194
105622
995393
318626
282349
530053
140228
279060
907133
498834
649480
770553
726179
465299
782132
275296
410963
302671
228178
325741
410240
612745
925300
317768
278571
770214
31004
303669
952431
873797
47804
240891
898096
648225
730005
365483
305756
551789
279375
924240
378298
529709
952613
314770
523829
89863
956948
343566
214215
571334
479587
935978
545038
484810
541802
39684
100729
276973
779944
2834
885377
994039
799115
488758
539255
729164
917952
429525
164303
362615
7583
841900
214404
360218
529469
187919
11314
545097
529772
330933
390654
784713
506889
173310
27957
950255
493852
978758
683958
123950
822743
430771
407634
312501
704281
944790
968736
143234
192372
435815
105018
399805
451339
725297
845285
740960
787043
918236
116756
254234
748252
382516
816400
750216
739815
577005
579509
416970
242315
92238
942832
251763
724881
256395
208320
20064
388056
459406
364981
205124
720884
676252
334872
447321
954170
272636
688
222694
694516
2201
739786
264911
600507
37233
248886
347343
599536
353269
596735
430616
516961
990130
967866
667665
336091
96717
862097
886637
305221
62570
117022
545676
271769
740186
92825
583548
435409
287700
488523
701442
554206
601653
952936
583761
235336
424509
498524
476204
727440
397815
839020
258310
437230
496546
217277
743808
353063
241228
465888
990176
630776
528369
478944
615839
536321
742728
797496
466954
250947
731424
431125
69464
267329
204206
852231
257012
954323
366748
390507
703459
789154
830171
849198
345164
974624
563318
15003
64764
25927
868857
613600
50700
885606
719995
513111
465964
810191
765979
439060
448832
497268
76739
100103
264238
930303
727323
793945
594564
324165
223079
703686
827253
820224
410330
44261
412894
340090
575583
987837
736953
646079
30156
651013
56492
787157
503699
12317
652738
538301
7846
541653
356441
940197
794879
931322
480229
208285
794399
278083
880222
584465
201985
340175
611480
165917
225898
649348
250666
751401
703734
862569
679492
487210
488623
786486
321913
498790
223608
794030
806254
470335
877392
836173
668384
979238
42782
116807
179813
68218
983418
990029
242358
663609
10947
843413
373916
370068
471933
842560
698199
210030
265762
931717
782210
214991
955557
587619
313562
424361
379337
367935
572966
943136
909779
652774
361967
658022
360370
823099
510609
364566
824288
864829
698901
226087
344477
63927
853333
861511
508835
796111
484880
3234
875148
322129
96500
223233
542268
20502
265575
290512
115248
830652
269617
610539
688813
102451
980746
348686
389827
475147
263222
580900
320080
98085
210588
200355
857085
528049
203415
653592
674211
283297
298277
476917
370146
486965
653885
954201
312959
765870
521693
362401
890107
605589
462006
401756
591876
292239
514714
518774
839724
196000
997479
316355
420063
55856
56103
228969
453862
196430
402269
144806
399640
230490
157281
888191
942300
793176
676774
968288
738901
730202
11169
680814
110525
535774
448112
261134
321722
411693
407927
925091
361972
630706
138352
265743
920853
539740
52368
779844
57676
247619
41215
430909
125574
695736
612273
747601
67741
762053
721759
347700
373056
432094
966633
627180
16719
722523
899107
152516
656787
20894
731482
898652
311917
281249
231790
933090
882337
554363
710470
40199
195995
839163
743854
242103
302041
345848
555745
31276
458033
733796
325850
705163
303816
952918
983862
465401
130035
941771
775353
978938
538356
637881
389671
110218
201133
773827
636177
176395
626539
215348
67601
50817
876674
361645
274341
190889
813596
178398
54078
422855
763848
361135
868644
825945
909269
313952
979591
914314
505194
667990
642264
527380
504796
735927
513197
205378
303374
129421
928386
167878
721042
96012
855135
710561
973064
957925
846686
911565
960344
691705
305858
401860
981034
913101
578513
611771
148664
499320
857740
216682
193000
591730
580390
447681
773794
990804
566462
261285
877815
655509
192054
999870
102886
174343
122139
568754
938065
758885
61703
740902
124484
108810
948097
628559
57908
272659
213290
115412
260292
159277
742217
66467
155793
751747
659978
232315
740507
786756
156769
304226
298038
393256
940264
635721
10356
467733
781304
426281
357093
579048
421630
724555
288449
630279
220459
821731
743883
732417
912295
660195
110669
755328
563316
95784
193799
181912
633668
193456
549188
75368
226604
290259
399506
511231
771644
904454
713917
952079
596231
819290
448625
833733
816147
733606
374605
413134
59222
333267
586112
266515
377817
67210
638769
618344
123466
64132
502782
728512
883180
699029
981419
879383
553887
94670
133275
296101
475162
648064
32671
958355
471442
432303
939629
774295
43639
934139
924842
475272
629283
318627
759032
426374
357114
945379
480557
230762
467560
975906
527402
835414
195085
293558
675990
211441
368793
834601
75869
575620
420964
372185
550794
449276
788935
454291
56704
382575
780967
857985
969723
972873
656525
819506
71375
875222
387984
342458
207993
773735
423517
472970
881461
662798
874995
884222
599728
428303
569364
790969
984400
785185
673405
407057
36750
166289
106492
42656
185285
689658
8689
26609
526446
640993
944543
391810
379377
152839
22969
906443
853126
11866
435568
797823
222136
208116
648532
420310
947826
715113
694946
581192
344868
593164
421994
491940
785918
91677
506181
414436
832018
801860
263881
726248
12506
714494
869228
413604
10507
475037
875261
492851
954255
616544
789985
430063
987280
381696
149070
723587
696320
427615
615908
655762
581096
696207
968722
405652
629526
991768
800893
835983
640533
622156
325243
825737
632831
346825
289215
306345
515719
580656
667315
766538
968055
171904
732984
748992
216657
622941
730629
220490
432694
695003
888426
586378
730188
289057
800372
911579
601771
242329
614241
641978
301981
971506
675902
549865
926086
926967
576302
211916
205037
709872
494937
843130
286906
987662
644448
201912
749648
552169
726099
106672
280587
817333
471023
931407
37227
44885
545095
763564
374153
563680
976242
407934
265323
537995
774963
886219
2724
973562
524453
124618
697816
581688
28736
664478
782724
633913
341664
770268
724763
320742
180546
954003
750723
384761
433651
922814
590994
227149
229404
641392
266959
223657
273443
822679
241519
759988
873843
412923
688791
322114
673497
571889
468918
430605
331199
88151
241855
131257
951344
785223
696230
602447
469835
842390
111871
943350
617433
300253
875761
281107
169294
267534
487065
677208
6212
746632
621004
61698
365408
719410
829382
523504
204335
935174
679977
996688
167683
337421
192546
79762
984502
698265
446070
515769
343472
908844
525060
123437
61997
150445
687550
938766
392954
740721
613978
138762
849677
924607
320539
943503
271516
641870
885877
83842
73605
17117
943632
904340
161612
567183
978966
194307
908503
589860
533112
61095
729266
203039
802414
538877
132829
385536
832565
648359
684778
625757
304362
913260
574652
395032
938029
4630
373459
326644
962341
261119
441790
604853
964042
485173
997897
193688
440106
597867
389121
678173
472004
281648
525945
461610
755608
991428
120832
551758
269586
377325
454646
892576
150425
304469
197486
86577
614693
250363
358314
699255
380695
812748
480379
718183
357612
601623
347723
332188
358010
846918
402839
936107
771635
181400
970979
8460
560765
405078
777262
792240
844957
686287
313999
732797
590381
19246
742271
553534
676644
721963
478894
805388
713192
99078
883022
723064
923967
515044
850968
756959
248735
919009
938885
475722
445975
236624
895906
781049
507725
874807
92679
732963
222705
397966
118443
586735
216546
405625
781172
957026
359463
293377
615296
458387
328346
481910
982579
648207
546138
692398
563325
146112
299912
973079
777897
97275
757604
176439
145248
106636
371312
866268
769935
526707
705438
149733
125647
905735
215997
287274
843289
851164
297534
404562
90685
353097
276392
443069
119611
667999
130641
34346
412262
44688
172903
566788
635346
278901
537875
152491
831861
707514
630444
41373
226490
277295
404579
921841
694704
994150
995407
542841
909958
768693
839379
804272
340940
304269
105928
344924
634899
487616
493305
916001
438921
644289
753248
871641
453221
278363
420804
302385
274233
642764
455524
27908
96494
805106
5821
598189
324773
335975
31945
541751
377825
951850
419522
745990
830379
534781
378791
329295
273908
490222
269789
198001
776742
713115
330210
208071
258396
699850
749281
919824
986697
40401
908319
124363
198654
918837
945688
13494
236412
394711
858947
732849
274700
452515
57380
293481
827440
487820
139930
290915
498998
732555
963408
980823
6296
325439
660526
375606
310833
919046
904193
593242
148896
83336
706534
454033
920322
744720
744845
698283
250689
672150
309264
944794
448654
850899
417483
750595
517582
30359
446996
965455
906861
358760
241667
935967
247494
860411
511013
215697
958691
402714
426173
429
245944
412218
212097
669829
520209
259414
945686
267117
229383
231245
235118
327692
187328
727705
551728
686046
797065
704189
496281
337614
883032
188595
42850
448855
799072
873734
561059
9161
317933
698730
33607
740813
613934
904496
63561
709819
744040
424078
246514
680506
5795
255034
318281
397073
850678
242982
408695
682389
658358
501455
240119
935951
905852
460675
549216
499133
890552
864070
838890
125320
204671
280450
346170
832917
538376
96681
632023
671757
203175
113898
353030
115444
956249
455396
381532
431147
215145
834077
875427
648541
456574
601515
163017
533799
335817
571689
337344
811374
451298
104924
843182
12472
808620
342056
859298
899420
114826
90195
217443
378870
303330
248346
890177
657905
570679
160256
539975
893202
880982
407414
250148
862217
966738
78196
833279
235493
642626
984727
236552
765814
85085
293759
663632
20828
970703
328949
246438
936568
670506
11808
970533
315073
924010
141878
557327
658800
871098
416700
278190
89884
171772
666371
24209
997592
54739
987193
697367
619539
906413
711125
607921
321175
394581
754254
985864
501379
787966
926356
757378
975902
885498
872195
795080
43165
919356
83507
10329
356509
109860
524236
707632
186560
579
114092
859539
314774
823900
658833
850587
6182
47905
241272
260972
365439
853767
37785
620021
783257
533698
313687
362084
8960
454055
992907
210216
221283
694854
692331
698402
546519
261967
132648
534925
105616
291968
5523
568420
369242
185388
643103
321514
146230
13671
444385
58029
889250
241976
819157
695243
235183
439122
2079
403049
824752
242114
68862
263888
892566
269643
939715
479114
158522
445728
323509
413371
340354
476015
529848
132163
678496
491615
915503
273207
169946
958520
524850
231663
151451
947461
545284
256496
774477
616821
788704
213160
756854
427798
309590
221436
3537
185718
526266
709432
169562
744783
161004
410599
995322
447324
999947
334633
577868
529707
983699
907294
338936
291769
427488
930308
638645
820745
815535
436106
571007
596720
170222
361358
859116
58464
169985
449485
879096
267600
431591
921962
556692
311273
271417
752606
238877
747618
734769
851987
372521
364623
725169
615924
248801
297814
355583
87249
26341
804688
629108
186958
667576
917910
579786
680398
434218
475527
501519
402197
244130
49899
78665
357461
907385
276723
936799
389018
777490
316288
825068
916541
462988
927908
171546
295542
609946
139275
335713
232540
606321
150749
759097
336179
305711
891677
468299
333656
634343
388443
152689
493387
320791
516579
986669
544043
778164
456332
451018
338199
668488
522819
965078
717952
622459
465570
740878
124003
522332
210655
335005
431968
924781
420591
204207
66532
860723
709575
946000
526758
392046
299099
503313
106069
619024
5449
568106
384566
617524
634718
61712
328692
624429
552864
141862
689890
177556
648797
799548
261092
919428
880577
704589
46970
933253
896136
300241
459823
558971
933562
718746
121099
847434
749
807379
979292
563355
843184
258277
12899
218348
449640
137613
300992
871151
627643
506598
715399
574139
206734
289612
207478
86954
811653
95222
215392
516614
293426
110809
827187
21606
666618
784538
206756
528291
970066
366731
373597
293620
765347
287913
585409
1131
310482
256355
560059
313393
290849
107386
875293
283751
610661
41607
306036
142187
736935
909844
973057
263753
620231
847666
128272
99605
988207
124348
170870
320466
784061
998532
44392
100183
805364
604610
526743
320759
66706
221096
998709
872937
303131
118767
454326
734429
138288
710450
129150
225740
763801
236911
88424
378286
72856
821349
955568
487015
723485
962294
778018
498461
749980
82665
924733
939765
402591
349506
803831
742230
912024
739029
724401
417753
873256
70453
482730
9640
65721
195811
393673
801153
857216
645270
232752
217452
313894
655777
450654
313026
996967
884437
348855
493528
122684
805525
191498
58782
445459
592440
201998
765640
664744
862111
784231
74177
713423
364068
758729
833126
328541
233268
954756
576764
46825
736693
141977
446829
908701
431157
927963
154373
621301
802247
363262
852127
868734
255645
7838
140446
373715
720465
123156
400700
203024
89586
333206
121783
515726
569068
619029
408973
55148
531348
746292
571997
957995
653313
609510
514058
336741
678287
600433
879750
962842
216157
682172
895484
12095
83302
695438
58671
398598
522144
813462
474235
574229
628155
80768
3774
284564
312795
522357
825860
761617
886314
387126
566844
81292
546102
87803
849880
132072
732726
114633
663822
607996
564244
398670
767868
614685
119543
882152
855008
987536
19345
260761
389685
109709
273371
547488
166279
693593
30628
167141
906182
892183
353961
943486
360205
740888
436467
510212
601831
231280
275530
446704
280738
818066
312183
399038
365721
855006
94598
358902
53328
627123
432858
786481
174811
205772
451827
195529
630122
334762
223087
511011
991427
396163
243990
32139
125895
194598
550423
846588
102574
103005
922906
17260
463153
935596
833626
300423
776686
439032
811422
490727
616016
510282
545508
908166
824543
323708
479175
749877
139965
90067
717787
167913
797467
639968
149478
640141
395250
539219
113558
315035
437110
748047
588495
535186
662800
142869
996530
406387
879539
188199
90031
342893
30131
71201
718128
310755
491720
999434
265911
258565
171883
107713
302203
231948
811468
2502
837746
643132
426257
735649
666085
685978
380263
816944
151241
756875
334450
83693
226715
766211
577298
372351
709923
428050
883801
478612
736230
691986
173598
511969
833638
518131
944862
422331
810954
630264
436152
483343
655416
672464
446935
333729
543902
699637
21942
408638
950748
849682
990407
190657
575212
700628
393101
339482
11102
891231
168613
120302
80358
877021
955826
49786
250001
798817
994284
778019
945066
581754
102100
539499
744144
282742
226814
956623
679675
44140
115033
544896
751941
229333
387553
823810
208253
520680
383619
989999
22913
640116
492677
134898
762055
931990
69360
270254
286597
774489
919263
12299
668688
969707
729359
425709
778069
367979
113752
900407
21397
349684
302467
276277
134793
228743
959845
910342
139049
621617
181655
314272
171413
264280
101239
494791
610828
817114
102640
838258
152505
823249
560009
573311
753831
825435
392121
566853
312706
752788
147230
959762
322498
698331
699040
882398
671444
56701
639754
594634
855227
604573
465681
909706
158575
287999
387824
682507
534893
699234
277556
134452
530577
642567
15358
867532
614244
209903
389286
751072
172306
284800
357315
583484
296498
188104
311319
251818
514724
389474
282532
143878
561811
168322
897374
83857
673671
598223
971374
179377
680179
41175
879556
952998
507348
194931
312351
626734
231723
834500
46418
844143
845315
599192
572587
7741
573073
359572
923161
61921
294510
805790
579503
599706
107112
814959
823437
26388
493910
883902
911014
643159
428828
774387
826890
270518
662343
819810
259416
410268
513660
284362
282945
890581
930996
10565
815955
414295
125257
792743
51113
731234
197363
978407
644455
381041
895990
622327
670807
773167
31816
399903
19857
235064
826253
602060
822584
570396
299408
146086
976599
252748
557163
326052
975358
866810
582358
515116
36607
729464
418649
594765
818643
291564
665021
345987
4693
765907
197428
725263
596218
275915
25323
949157
610762
962577
1816
207785
787451
804999
974609
468309
44869
230230
110662
906963
700880
662300
730438
690469
285975
184819
819233
715562
330911
877075
107459
296439
205432
716849
643814
715698
421708
750491
155878
243043
915931
258144
585348
906230
336231
845942
893772
929523
948677
422556
116797
676200
413156
146988
255370
214621
849293
95998
204334
213853
963992
631154
90050
391122
948555
346781
267832
56306
284592
889138
839779
38096
225554
840788
530756
669341
721863
348250
227821
867393
844920
676326
390444
919770
106792
636875
653119
589443
262713
679981
344999
478016
289046
404356
24256
937646
923191
460653
648039
343580
42023
224415
452904
131219
721298
295751
934404
693828
675418
165210
468624
416149
272082
999868
883617
884996
992239
264388
862871
648658
74868
262775
991120
230434
987705
956577
464828
600097
696292
577234
792031
645433
443958
11581
519150
551160
713587
821727
390778
945491
185306
745254
679183
14143
957448
373756
806707
892181
234743
516227
112183
750553
855057
893228
158636
377108
547671
4409
882484
766235
851825
740166
223851
521095
682456
440755
393266
832161
396588
26206
725247
734978
144549
101348
926879
974115
599297
8336
307980
854839
636683
576142
978011
253334
604836
260847
749724
531556
840085
22935
634792
395414
30582
58240
551739
880704
351236
220934
999856
847204
540823
167166
838057
392182
712466
339259
425047
626098
298074
55874
28495
523565
837392
366491
659368
693576
200596
988185
284421
700330
544539
749615
414232
619155
687023
530238
899557
90215
1734
873451
303729
625807
449414
868364
554920
312380
649494
629096
15963
959993
628196
919064
941783
848021
893864
888449
651883
361507
791026
354529
856977
381001
49844
22290
776878
534827
642430
443067
324464
271991
287891
725242
357969
588252
244638
355274
691184
742318
194014
915204
352337
761067
91476
526849
400708
953358
226915
372187
60718
467778
360717
185280
883969
591124
778629
241462
887179
563016
263597
811790
68432
45565
601112
927967
137845
368325
117221
563738
77205
837547
970757
231900
670192
75579
249014
920302
635886
761164
736583
90523
287985
953374
288319
817919
675854
787094
140758
482758
250867
626498
374358
943789
812776
684523
933042
598388
310590
404253
79842
843762
564363
568131
262576
234196
600731
468979
812509
999387
609778
120075
274608
15246
151783
325216
643452
762038
755925
727626
79946
944845
414233
788537
621740
18131
251795
523788
888617
178267
63838
983093
413949
644169
805419
316495
821667
390177
889996
250744
518384
574267
967658
21749
56963
898681
329250
99476
401303
114136
159338
859533
505920
526193
613582
547907
405348
413173
203114
674389
755443
154791
403701
23486
508558
240056
473193
170123
957919
190003
208996
242216
977683
837543
793179
218664
102422
777634
385727
413611
904765
18038
30644
677989
47393
382466
905908
755392
927001
421663
875438
80348
703363
255264
474043
433881
147721
439737
776549
632500
227540
320358
829593
214695
49155
356876
588133
238965
57390
32986
419302
249716
360320
412833
421871
583172
251411
144101
24541
978326
74372
910653
397572
30081
380671
92251
552977
662650
415012
731653
641427
283236
85901
320000
541234
411146
685509
335012
142697
776811
944984
633732
414651
954762
164556
603354
437106
333884
682925
258168
838816
395466
4137
916904
602208
572707
393375
910434
17569
388270
152671
329322
47902
303712
33242
444279
464806
926451
677725
405876
748744
491807
105558
870928
421594
473608
782910
236896
720492
226133
862911
853329
763325
33915
741778
470134
465150
520558
492245
696285
541364
13648
222302
434613
642931
822801
241738
838939
936130
963493
464223
229947
68926
797725
483745
883448
128933
539568
853701
286297
369138
312234
549370
709150
635792
782902
279469
119372
929498
255763
834163
93037
286820
651799
539384
217336
110134
42397
935144
496732
625839
35234
586921
222506
669753
481322
688628
208771
345038
674980
610676
476591
138849
840137
33442
255672
724368
381933
541768
800721
703999
78371
394292
423420
318787
100823
191512
297477
714519
848283
653251
115698
285286
465821
150662
723760
758099
843819
373613
849726
397412
478441
316879
205697
746294
476100
131583
904288
194603
943106
414401
530376
597663
648119
970983
679465
770242
364862
935221
158263
388077
778016
775709
808003
945779
305248
821440
58789
798446
539966
396004
756503
464050
66961
970953
682875
991691
63505
417004
592073
300687
56925
566
251275
109920
988585
121875
405333
333859
473887
81304
512656
38885
221992
38770
846307
446179
79719
996425
441679
774426
211928
643791
428350
921811
676377
938312
322311
624383
163282
931232
826618
5555
693031
636304
667346
864299
499819
964023
897118
160129
47374
66684
449837
305859
951663
526894
242203
830308
666770
251007
831909
575300
405669
135041
907191
529191
231534
833370
138735
513183
746859
653880
471915
892976
458631
426863
429272
247405
205819
653407
810783
909318
895437
203252
273684
277611
561015
285171
805073
40073
664794
273702
731346
390455
212166
882897
344597
208682
687194
363948
252626
950299
560376
947189
899831
49352
206427
710416
57147
885429
771210
899165
125280
418993
900344
268994
211323
521080
669091
94528
469167
633927
836796
662292
206018
460478
173358
210837
294831
143384
994870
238782
168469
699285
498277
774855
201789
954483
343880
108357
235583
892993
163419
626156
699884
101789
841785
175667
332024
11120
268749
632412
329736
296252
319830
537657
412133
919822
208287
774055
122231
862624
58812
225367
444284
80277
291267
28862
954580
184775
709295
462811
926173
544181
423929
675192
722190
794436
493721
244932
15410
252033
825952
773415
766334
293388
374959
182655
982426
589539
812540
150782
906637
807176
235320
182622
440484
163989
279176
315854
783787
810800
527515
252403
324000
16785
653402
174477
892393
836202
800172
541482
955332
856952
988359
326501
218995
279043
204614
326459
427609
170088
121066
100460
238368
140813
674637
49413
702585
734147
118408
228763
538256
986599
817520
121760
658448
607362
821370
59811
443395
125026
827193
759045
895234
50368
47122
460893
369966
843096
903631
123757
871229
744854
780188
33641
754232
72909
35641
242005
838659
768601
573603
828047
242538
159185
707157
243735
869239
297359
3276
33827
184591
647115
587243
719563
345181
742659
114906
563987
530135
634551
152683
230590
148660
97618
693963
821811
892492
382733
233975
598329
28499
578742
236840
195813
111299
641547
31503
364343
959212
823078
5854
918093
871949
674101
168791
544363
702212
797450
531858
92792
155974
995931
705384
45224
851291
292852
444118
441522
69530
635298
633350
95553
184749
259790
70431
513986
158779
414958
595805
476500
17025
175175
779108
64633
899648
958610
787467
967778
594753
849308
881267
601690
628325
496778
408187
911651
9199
317791
243257
69702
406307
915461
550925
299145
884133
116458
418650
781403
914938
341081
133787
812276
242762
54694
958746
704956
869051
44061
899128
631106
767552
400025
203689
729373
234251
134014
548456
187973
69690
546956
135267
740882
432810
404725
730061
530868
591262
718626
565741
673486
895849
784823
699342
99757
343107
84563
882418
990515
759107
304328
778458
706890
251418
65717
650921
966069
659185
112681
411257
71359
330332
634411
538936
479857
21887
393164
308054
111303
675540
944720
223815
833336
372107
660238
936461
234768
517734
409474
566340
773102
580083
76235
779745
647425
625904
679327
993843
80466
505913
537967
610900
91983
906418
759982
17700
980696
776153
672780
30096
154821
65137
487106
697103
295966
891491
776784
49249
524953
946454
768042
872604
466968
410659
14147
454543
91100
638377
830871
319203
756791
266489
241946
794215
534697
119944
536192
922546
372465
924751
381801
336325
417633
838989
690146
679749
260738
888903
996741
873224
404747
952294
656963
992968
115397
598309
365222
700249
118176
155226
28417
708528
542252
396195
2224
937571
517730
655513
923127
956275
310057
826756
414183
812920
377641
20394
458050
386488
630517
105230
734655
673821
712038
363323
73153
246076
596185
791654
602008
30593
339630
752984
42489
124918
11213
40326
531358
495731
886406
21684
893865
808515
746596
446773
387626
490077
918929
525454
652757
616379
604480
228874
633742
919156
617116
922836
254197
736998
701287
576569
344285
675249
703566
541956
643800
730717
234071
680315
319842
546326
864881
757237
465036
22862
929860
399190
991755
841927
528250
628316
497427
705687
893334
517056
481340
464363
511335
306367
94773
923684
197380
241355
265423
372153
173721
262839
801802
199781
73296
322754
33403
60156
346923
934249
273247
10615
422095
171336
152292
765301
829722
575116
331676
176292
913487
515919
770723
151873
688101
959996
514788
269766
282919
451300
652580
275911
811407
51997
26876
18310
482021
801540
580023
414856
729313
733503
318581
31258
518085
503466
355000
518869
891340
245778
672532
61906
299496
726659
863797
619758
470660
746010
298963
204075
820675
518340
152807
218284
512841
189280
545261
422564
825587
268114
555998
699875
299928
63052
456935
950923
257876
26041
800063
25753
871293
422024
462175
416270
76927
419202
947009
168761
668834
128240
161664
653027
208367
699623
27328
770402
443616
155071
274238
192850
472889
198985
794459
341613
890381
744995
758802
1584
552627
501580
23026
916012
238880
216784
606594
855554
332164
319737
408865
273757
781464
609057
518034
137189
478115
621777
592795
763946
88961
751290
831650
525494
405548
451876
4703
405648
556175
824885
891291
7997
917767
346024
742201
553281
193829
650079
410102
802680
832072
353998
210267
95932
361168
289322
754881
553654
298638
210903
920943
483651
549829
215913
242735
164247
59761
853827
894351
449455
878107
854041
31132
120501
649714
527132
695413
601873
580276
288109
989001
547492
311850
717586
172926
638007
257408
49096
954215
156619
233851
657340
74130
390288
524298
592750
982363
950374
167345
842244
639344
150304
37439
660067
176348
113838
690467
169667
928599
512636
584547
769060
478721
373120
998576
703023
629702
789550
571754
563571
693008
103465
637832
296053
832099
402957
673912
423386
931447
289499
517226
7678
949915
702242
869254
141816
618100
892485
520215
199613
412684
176038
253626
806158
900148
757454
683965
998901
327811
507881
141307
693222
223255
544957
335122
703718
207153
800630
914852
361528
444393
652478
883661
426180
978094
149515
352424
38150
641164
221779
962337
518592
819657
532613
218300
209084
685472
156973
446421
591832
103578
17014
329993
943218
793759
826854
161544
306010
907635
901762
512334
614989
321021
350398
378822
267990
932940
218711
77803
687111
128472
974811
4812
503566
226300
683378
338994
244346
133989
853108
474679
584071
83825
744804
579201
410264
889525
663424
900447
253728
622240
515986
786673
935486
509528
693384
594068
824998
929946
440845
749566
313059
977330
516620
343093
802516
488556
768626
698747
105705
948230
90747
169551
113399
254375
610595
521093
944550
941806
869253
327261
321961
919924
176141
234228
103292
604316
453914
535166
814696
102787
307062
4804
408944
913112
583220
197766
809430
981753
472228
342828
749226
729024
312294
749415
736697
138997
835384
116362
158751
375843
757651
539727
641442
420676
152719
763363
763928
232595
98535
901967
308335
907693
861431
644422
979372
919193
637109
544144
996273
648728
709830
495894
636762
113072
317394
791183
107545
173134
586980
25139
717799
632419
797907
111617
340103
717908
275559
254903
694343
883015
575256
636609
879963
564586
369704
764168
483367
737855
750239
775551
653113
830304
599618
48837
627083
864197
433624
697331
895241
339675
755002
763573
43504
146048
235382
799094
68320
567343
605422
265490
15973
196044
227031
452556
639282
345720
416694
132735
890972
832353
566878
470554
927705
486294
485816
709529
176443
921709
811281
493786
408743
752979
645783
438150
660410
454942
28631
960364
875474
959576
746187
232972
744961
983732
557207
105177
574170
761903
1433
481367
966126
119072
482753
453179
523058
183125
672629
564034
267522
183076
550959
618337
786335
592482
909854
489409
123884
526203
350418
732133
263743
88468
853219
959815
425875
499624
688410
90130
805975
895688
485528
636393
638310
921635
205467
472814
229253
787051
471135
132609
304163
477106
248091
215504
364581
211863
896652
717249
429146
519204
44353
22072
628733
689376
912179
956666
732275
32239
950983
909079
772354
624627
517587
750131
31625
387217
604702
973352
632740
314336
726327
941767
442860
784957
724184
142710
132087
614103
919720
793977
434229
6761
154155
564023
38067
705154
631330
63512
614955
781987
759712
366721
727618
551611
748656
949776
130730
667165
12995
57223
462329
107778
880790
791136
644138
46950
368535
894502
441661
937892
620005
444629
54233
398007
328318
742896
460465
318355
338197
963223
234372
958014
242411
203758
623265
947077
198057
496537
111836
66456
80583
885577
233472
258956
483824
586145
599070
828739
994328
220975
446107
369608
826707
831589
579448
987914
416033
904994
227539
461682
141682
539220
102305
175895
329423
801598
884864
926131
176243
31935
186206
319231
915847
586041
225953
345286
988882
298078
110656
446832
627498
726517
625090
988148
505435
246896
51307
180194
244028
383175
239431
126470
887084
553854
582937
838339
656389
403687
12606
800700
682211
165555
773780
510847
173653
418023
2200
823994
989534
589358
863865
977159
57157
655861
780216
88283
429991
436766
945907
99115
764162
767090
899096
87330
49077
507367
482282
749983
819854
230395
51967
521520
748345
656804
491450
362191
273437
481059
989768
955017
808572
113031
658715
685935
145261
513864
680920
954558
493361
488557
585794
240373
573708
847317
599352
422798
965883
242890
434133
384687
270566
160148
845887
898755
722223
216465
560312
83047
238888
761380
78208
760570
228836
244022
127420
483074
922846
971485
353537
404068
378207
478038
891592
460605
344712
718596
745458
625735
653220
363440
25893
470484
898147
946227
620750
261606
744870
412186
75258
620312
72510
373942
25548
115417
974638
283282
450518
453643
280848
48698
370866
131665
158281
842216
200745
882686
505961
349573
252764
104462
167588
778518
463368
385278
21324
791365
486001
311770
441886
168941
323235
949345
173851
586187
799813
520210
77142
999304
524304
643128
356643
421156
376771
79315
63023
412432
82903
954414
184971
221763
242108
878576
293071
281983
944269
475450
192379
509428
771840
554348
570283
598907
51595
51709
503740
76150
324155
460573
673969
237579
310276
379458
340709
272062
395550
86979
513625
461695
581186
320928
73932
699864
151309
305975
288973
531953
673249
830788
698342
582393
504170
666555
84596
934403
863848
70919
942835
635913
318231
426011
610299
497353
73874
692674
980556
490827
706964
879097
508636
580739
212478
395226
194701
772326
279923
438594
97162
373032
897117
892885
330826
114394
135649
973037
352326
323130
706285
980889
644552
144232
798990
180280
758569
313095
9185
927998
961835
29957
273991
673002
315022
505496
463059
62927
559330
805931
898789
726872
873003
908538
220693
559105
596576
798656
966660
350500
705753
741605
154276
136273
198732
126607
111158
847350
513713
699980
677496
620303
345289
966079
184310
671510
691484
450986
516822
127152
678040
373551
947254
237275
820016
641459
981409
975898
117939
694443
924408
595297
33082
426495
617754
799671
2955
371731
80199
248129
412173
794252
614934
691662
803257
765183
231466
881072
361619
30196
909303
192373
846860
125275
463807
896763
274228
114765
876682
649541
540915
412481
567666
714018
616765
491115
873585
335295
719226
328569
466258
129355
873893
636378
227803
500933
819798
649693
568485
46057
248975
707714
515134
459142
758669
767302
456116
434187
572007
843996
545623
950068
906874
773522
989634
529346
144603
127136
942788
46780
564324
335710
165683
769179
290030
986633
20272
782676
945102
510884
250603
860177
627723
207566
493961
483435
175696
858448
542141
946780
581809
974105
908632
337378
339123
142121
437963
353527
271761
772028
54427
697062
610044
306953
477729
921940
315196
652500
216000
55643
307637
199574
473301
943322
399127
311106
984351
942381
146115
661156
765691
119544
973854
977047
653867
130993
49860
208413
88930
738444
754847
405848
644324
436527
638752
438402
776692
535560
563051
984524
294055
826815
386183
659895
451370
252812
723744
668853
747981
142689
601768
937606
575758
389538
857077
857095
375376
255975
359886
51876
268879
667184
899190
877133
196102
176310
16987
177189
279370
584773
505811
319959
582747
200566
720158
587042
526260
180272
736680
890317
890164
972801
759709
438038
458883
939450
637822
578382
966058
175013
842815
270449
474855
770558
372464
419707
583421
262247
963654
577907
476261
605988
899885
224774
194662
848074
211903
702050
24355
945303
859866
51627
63844
131192
850049
281432
183461
791726
579926
852395
976794
290334
107441
381104
51184
230651
31423
43251
384494
126890
195702
418664
787359
261475
577369
306175
302747
529745
675890
394251
590356
253889
436394
958184
993361
206173
313721
240221
94643
263539
430350
227854
547428
353139
882765
747952
285701
306204
430664
448453
254891
609637
785315
449720
513253
692547
439037
174602
971161
826749
760693
385913
406999
920631
749584
174567
448163
764565
624778
633628
279475
585669
754095
486988
802370
40321
647516
299271
567591
711404
27188
641403
255250
226361
404669
522935
518312
931461
272489
136058
74053
517000
842637
76155
468477
751561
555655
715802
932808
470302
252178
985009
286323
166137
211445
114365
45013
15303
190011
463586
968862
159510
363918
253844
57027
344187
834560
613251
235876
139464
635391
101687
42350
86771
814836
782020
874595
627939
567511
310982
4599
864781
516104
525370
621257
126941
558833
68752
7222
30649
76336
494529
658743
788054
846224
494872
438533
350649
352353
66789
461037
126775
832712
196876
337587
625959
734197
85091
391171
937223
497738
673256
675424
354489
272865
127013
911197
950894
868504
193365
146241
868218
797362
175517
463085
45673
872381
478017
148245
2635
8543
520684
100740
64116
492586
600418
349637
540154
992080
376744
709727
822460
197436
97303
748412
879586
148282
370140
765450
791259
473673
659997
397480
351238
122421
340465
931423
65744
720602
527619
611401
61279
379643
428091
716528
952673
944493
5367
221000
123916
515996
724096
21139
738646
386699
897277
544007
961218
866968
590602
161813
22880
378129
907993
608241
719291
526802
675186
760821
212723
401546
23421
997457
394781
562895
198286
111222
588176
539088
403033
681324
683532
241235
909548
209615
111696
600236
625522
772465
241682
469035
25102
368727
438217
725663
749568
307840
939974
221400
731531
346364
538744
369657
348939
291505
807359
883287
591927
60885
941855
188163
241916
466209
347385
552134
825302
249118
403236
533227
352621
420544
634161
62814
763683
124857
797795
417406
262217
150081
205140
647122
819348
835105
744802
835935
167073
752680
79414
548760
117690
365859
956749
697571
358413
313994
474921
834974
100920
940440
863050
203206
851762
624854
667554
270274
966090
21082
216671
560428
286017
903934
753728
725162
721992
750888
169131
154214
879024
114151
386314
428592
113099
714536
960484
235327
750805
461520
524935
422874
178031
274189
919732
128015
389634
196311
849199
635845
715013
617575
555236
18549
584825
295508
608454
326455
92212
749047
622354
169548
429853
710220
14344
854424
114953
473086
464727
474581
481632
557070
672856
717596
288213
219424
634315
267044
822272
953136
763794
886930
395100
988615
803680
664051
246788
909761
472320
943673
962066
372528
171053
112080
411211
157999
953277
938621
441266
609402
890856
956918
202247
919744
968359
674949
828401
107717
712057
963902
878770
768517
191980
506364
195774
71183
329646
818965
679880
124371
185403
667922
921203
848279
736744
157304
539985
307226
206061
922733
169596
38262
159807
575260
100316
852375
348220
390775
647298
409579
772951
510994
194426
389109
596369
466854
604533
670624
700743
418998
218259
263562
974863
462691
780528
704402
717063
240835
920891
770512
48686
208658
560863
413106
253338
584014
179464
308001
592486
415536
151761
950231
626134
472149
457553
466841
488593
699349
582780
859959
600376
167324
456532
347577
410387
605798
908857
597038
429810
638493
552317
90160
497122
783499
949086
30327
896067
793882
247345
68442
902428
435284
482349
813185
357230
449764
851568
207369
99122
555279
283039
142583
907875
890150
960387
392717
400318
190272
147465
332640
368055
997009
70451
684543
920588
377488
59903
246744
38089
538426
308673
278455
872853
541046
454328
24466
337403
934741
179853
159782
455154
340581
815942
110950
669068
209017
450711
347275
348575
650728
94663
234402
331737
392092
597602
691286
471312
256647
419790
931263
845016
935154
904088
469566
660357
373520
66391
258180
578492
645907
76393
298475
426634
411418
553462
975617
65740
755941
892219
699017
520928
118806
141249
47754
550686
334029
961096
609082
425707
887711
369566
667131
903030
189507
298887
824361
807638
314583
706555
149389
349033
131697
160654
138565
237312
839481
345731
91531
777214
27449
187064
242439
669482
407960
110605
106641
997206
189804
451715
957131
361170
245413
315902
763475
526064
735855
223470
64161
281489
215674
835566
99135
421416
71696
866664
820229
924147
286125
307136
392788
164682
326449
162812
348046
429785
598143
817671
587145
560350
557397
54938
299117
25630
738214
758469
66228
421444
33693
962215
83681
209825
12527
588333
14041
440238
315009
511505
780174
548011
565434
616148
90397
475075
188517
73564
262138
94853
880592
309278
171058
366098
314497
333814
79111
723954
484316
280579
747279
527385
742198
328053
40160
499052
736124
729105
740101
38552
635830
98758
425976
938532
266656
869756
284134
923318
725830
595829
896978
387216
491697
234579
302502
450274
941593
627100
981992
882113
486409
501777
663289
822106
676651
387554
899396
768881
428849
941757
534943
972989
483927
194675
38377
310124
248223
601820
410423
740944
982368
437636
456980
69292
276958
5695
121364
153837
943376
607297
83630
1571
504026
963890
814794
530880
395296
393878
921657
723309
668317
916885
672180
791512
742718
358930
550449
156213
544368
864641
829352
967526
113110
221344
558461
285424
988714
465470
590401
747427
918281
994167
469932
630725
891631
833976
145358
673615
152153
917812
215342
64901
97036
967258
860036
759153
518512
293266
881680
77255
742952
154362
794141
850438
751483
952631
816972
868013
943702
898276
293314
458313
820036
902889
210668
944263
113550
255435
130221
92363
743722
825015
492674
193401
72894
160676
624784
537575
374609
236307
675158
857576
186300
687038
79820
957564
339292
739494
818762
993277
888971
367350
272974
124071
675688
26702
604427
853202
161091
55629
392212
742917
617687
369574
609253
124637
766915
46785
511105
521287
979663
465003
11879
363570
796630
637490
785525
910066
611999
472220
160404
180686
489514
992390
29144
983278
768830
348415
837432
982283
570278
186073
198046
589166
184360
834730
625785
137222
175504
256458
900020
637608
788869
760298
662601
667265
143461
346614
599128
32374
593418
804419
839505
502149
789219
856619
861913
703633
106155
979466
601632
779859
126980
624268
540120
192487
819576
776200
438050
587923
344088
12549
582885
309906
977844
143200
652149
875214
459665
289437
731273
353818
829861
878459
615102
246215
395331
783867
940699
529716
52524
574531
782439
936305
735512
975211
587046
854932
997484
526895
977105
899892
580492
703390
534966
997833
248082
668677
791711
876824
814453
530086
301153
392064
438776
912256
755108
76763
91933
987638
412948
31723
786728
779774
89061
374051
944073
556712
746688
17063
233695
233129
990312
346885
635456
338051
424682
672238
928502
415878
259621
877272
845233
976880
37449
383857
210532
487676
863104
510460
976457
322632
646856
768559
981884
705720
895933
147407
624251
456123
129078
299400
65998
917612
991997
744724
64794
906120
270892
716006
935698
358525
195650
331658
667754
697583
970345
64902
259617
963252
660496
670939
881446
346633
447803
279689
502363
307825
608168
95918
950996
609061
812915
775518
961028
160958
623690
449094
51607
747741
132314
446283
28624
531140
165068
155008
775212
613852
134717
216190
132858
678112
295452
907593
630477
991896
800880
548765
754112
649724
988063
183027
676643
52203
77549
400501
91845
561388
417771
357183
408962
503099
222826
265208
595252
586405
192327
831236
392162
304052
626203
79728
720781
186007
538239
763521
41906
898595
249306
813235
715344
453340
595124
907438
402785
677230
13474
541666
469355
237521
29813
18172
540093
87368
724449
628283
446718
82820
59750
657198
591922
268716
842765
496781
741152
718936
148046
439623
696449
728103
686248
833120
451948
989946
814122
398680
363656
444772
898310
996747
241256
356992
996528
130894
962513
695973
216345
125310
127808
190411
376108
430427
637919
405338
144235
815504
100889
34783
860303
50794
338251
731853
113369
986181
140916
222945
915843
343680
821095
546431
301164
201913
550481
796593
868929
431377
112118
836451
770930
786492
284321
340153
40226
313595
12115
42001
445624
746680
84343
798354
747081
741796
636119
656685
829734
221278
853524
540024
662299
201158
110617
787529
916959
480438
780406
732543
974619
462266
117143
902969
316061
262040
393702
379246
693599
54723
386900
514169
371292
232607
979334
4209
429035
955922
428964
494911
282220
787542
682316
259389
800103
737814
575088
399241
558670
250176
445575
176892
993435
798313
553352
724887
820440
54833
971244
174588
797837
275377
386445
715162
645334
231902
480350
775154
713588
462731
160241
115452
308330
415738
19940
594174
86567
549208
477428
365342
805905
413425
877911
270902
483331
350065
10009
298705
562042
394662
36566
58001
459248
483789
980977
481815
451122
588007
275699
947289
49834
931909
527379
827178
262235
219870
11474
244082
645595
739606
410471
552075
191288
212670
897038
816334
21919
430659
28560
74474
397958
117269
476409
118546
275090
279867
63007
759912
398854
854417
246801
385478
586603
771569
538210
34759
164105
358912
368493
441862
480724
898244
587490
425831
288087
704168
190238
110426
687409
54142
944482
231550
36457
75135
661356
53499
691107
96844
250607
948386
85707
426406
440295
316458
431447
952745
906053
642803
954266
248502
923913
232875
288556
464502
460527
986811
226911
970300
150331
201243
703743
401943
988960
578262
718453
31599
712735
347212
833543
84505
46564
977100
920822
628105
871829
582840
410306
207479
112536
42354
577979
336797
224432
674514
247732
999548
650496
298512
874342
783342
458486
851043
473156
391515
996024
570582
993298
32485
735000
321475
164396
971336
383593
98248
690390
49137
831932
580961
298847
795094
375721
257640
353525
485409
915999
206848
206250
264868
970417
138951
598976
525342
363041
530732
889136
505833
613097
643565
626415
453019
731208
619152
451776
895909
390482
584378
106816
666170
449566
841971
879271
728794
815815
516775
96990
292782
907174
676179
305826
217103
213577
650441
752326
318191
575551
448117
992572
668457
461050
558768
356044
155612
342481
800102
514494
458299
377738
456519
621072
810002
988505
226885
931945
937958
112869
693621
347035
871190
169872
53633
375905
846411
723402
12538
513938
249553
614107
927944
875116
469695
984889
642202
649354
912723
237453
882205
387700
316104
729190
659729
656599
585037
778583
408808
707645
932609
724419
704126
723498
966524
960832
826862
218912
227133
523049
410269
7214
884982
210033
909252
641347
368318
922840
581752
11095
921618
445768
430488
271025
807827
162833
25222
601835
95611
677677
492527
653947
83452
932935
63540
387167
556550
195300
730436
909564
151294
276710
147748
48622
818115
970155
220425
866247
838195
678151
893588
757148
898420
484585
520431
561967
147876
119075
665575
384313
527806
757740
44916
470833
252102
37217
660715
711840
247128
446887
631553
552989
66028
344981
778836
371917
490859
969030
701191
413441
124406
437484
701941
428951
332934
411225
5817
218369
625135
30031
99387
136934
579868
331093
66083
262565
953065
159425
607382
786741
166123
356905
772476
230817
350822
56845
444433
398223
187588
271916
451112
745586
505910
573705
307844
695786
208677
624904
446216
201897
952036
20855
255953
752131
352023
796819
382851
752217
233419
335998
255956
728236
752285
335199
642261
593273
746578
679878
703360
586821
412055
876440
828883
47760
937683
286929
396862
142933
287302
292739
899957
476749
798270
922159
488891
233929
99364
432141
505211
430399
705923
973069
874469
447360
419256
514834
120596
344505
858532
160821
895591
350210
588667
753303
150620
977555
537314
438532
23163
627388
350691
451680
723055
710403
715165
127500
224452
570198
319405
787727
437697
145927
731453
47121
588977
585371
869298
12835
456596
595263
477869
922987
333946
737805
709654
261670
29794
972175
746646
732868
768386
567193
353088
958718
418656
902089
865106
280618
54131
996763
831216
295201
270955
684459
236764
965539
910782
479680
17422
592571
723569
114691
333403
25321
233790
266498
239069
48101
852639
598650
336535
660952
320684
251056
2854
694608
503637
773847
677338
91294
45151
302730
537578
822334
864306
151828
423764
398534
357570
347910
410030
654297
701829
82317
201186
2643
229915
907352
864173
910017
251904
267888
899994
601475
110701
867389
78852
61711
834423
377115
512313
498704
104198
828626
714995
960204
292471
16329
241361
128915
789101
314789
260219
844470
596264
137312
483104
275299
475082
198865
540775
39639
820669
292247
803414
782871
888222
675200
62767
635702
638542
696651
290868
837031
763441
104189
678531
670157
560661
261277
531305
700819
164109
297395
757995
303637
425466
156125
852352
110137
557518
364938
555421
243565
674483
874399
697065
677660
766513
759001
729351
743866
223425
647975
238270
208667
944127
579526
126817
398097
45104
252306
900029
851827
707114
962525
363232
758859
996324
319742
117784
37662
989380
385264
637439
55479
396781
811921
862387
337622
957673
766855
648725
756033
244499
78061
723456
942339
277730
118530
151158
300610
375642
788743
732598
263223
315671
627375
241298
615486
444723
288791
9786
547564
653393
928450
456521
16921
110982
978469
259757
694365
542352
223700
815123
621346
484280
365641
626913
439404
62402
664338
97862
707091
984119
550336
798051
184532
759969
218641
229158
794947
359430
480402
846131
946290
78515
794735
442190
970768
675494
225151
608460
888168
767545
942450
427804
764298
241520
955
701625
774494
626807
913113
789233
464250
741579
227670
79608
783250
294909
189206
301593
475494
730994
346075
432259
299580
344195
568741
792022
615667
318504
127356
115983
36142
83611
944980
340749
957648
681683
99166
321380
629648
683400
296228
80522
433552
187509
139524
326181
475650
759559
891952
179783
127358
91017
960482
215863
116437
670763
944359
818840
65236
306450
506063
748281
157628
453236
832777
401253
202672
855422
931480
975614
894760
67026
971096
329262
47440
88563
129560
214419
433820
948069
917144
951275
798980
242339
884898
838092
131109
189351
944383
477820
743513
466751
202025
321880
23274
770100
22391
677525
273781
709275
112994
959668
998303
575281
355476
250103
811783
514243
319789
929028
520783
562385
343756
623186
26071
138442
150158
452330
210881
968984
986152
20428
440553
302498
794748
78483
363545
750852
347102
653482
24609
673264
285931
995615
258720
360573
989904
706136
905183
109862
171744
104100
14521
945671
643987
984139
710824
14831
689678
993052
777132
29129
125633
384505
939628
572847
19134
159902
168555
659922
683321
677718
821611
243974
770308
640675
37596
974492
206432
89916
355467
5069
978722
733616
673967
35048
36683
726084
678233
635555
330637
542823
586552
921216
336342
521303
561436
93661
691332
159435
469111
406453
378662
514764
673546
938283
964568
206496
116573
43108
497493
776050
667531
108133
295360
729725
262326
453251
241310
414306
174747
397443
651515
173692
678891
582361
764542
630769
634957
517958
743839
69520
999876
936005
705653
132562
346174
568584
882631
820231
497294
304155
948727
452509
729750
797364
551100
533931
520991
165730
60048
903014
393823
708584
894734
933074
265916
393452
55570
282756
252713
698516
824295
954727
152217
917251
67863
402828
567220
821096
813948
383814
295451
693338
351605
134922
387943
287078
801165
831146
523251
209150
434097
984051
270064
653608
458423
40948
285494
58663
628934
919355
490799
552877
438506
937968
474667
501700
72972
256073
960061
947809
937400
842447
109897
629249
565239
705312
814737
728863
832010
678521
938268
702862
341446
898686
39286
349896
603263
677600
633319
35417
416126
502360
354187
52007
369939
50427
366927
464731
798484
243647
257565
98916
58317
478867
917116
195386
39389
643633
627323
123040
838839
18515
794681
838385
28581
554057
921199
807046
221111
263853
820705
234
115154
532079
103403
74797
514821
907874
28840
900510
108097
168597
670479
108564
933368
236300
155859
337397
382828
545199
335847
530051
255276
441123
66475
109328
517410
545016
882740
724075
517385
104093
530169
267286
917358
247030
598486
513855
813158
203847
416546
524687
966627
933309
778484
733071
272934
356196
921086
751649
980569
36428
704210
297964
720170
783551
522365
546355
411887
691596
556306
970515
650941
302588
554901
342297
679056
483308
492865
692841
247270
436147
190162
519479
870263
760184
878445
456852
447683
676130
558502
162645
556168
300945
124638
447530
780596
938108
461694
825450
108218
654083
742804
82877
541464
206987
90115
472142
861419
77964
141634
149413
730102
526976
705558
194322
282789
602990
824700
270409
972362
977867
821831
935759
809076
787680
624710
3640
912994
418657
452777
915802
497084
117925
417601
997158
239977
921196
787850
272136
894181
911379
402105
110802
442523
94885
708729
527553
403386
653047
220088
634556
306389
578069
947437
728876
318080
215507
843446
563800
326127
362504
826994
592626
284119
646390
789367
848710
276819
522346
88021
682833
402735
647093
567938
471424
54687
128517
983040
717475
692866
317808
991255
445703
935681
280617
403559
885408
599367
448195
208268
830480
807934
677167
855567
420138
82185
186239
255015
166063
534320
602438
600292
870870
8977
676758
218895
59303
16346
694713
109194
443485
246006
817525
920252
588362
73418
830950
86006
224618
415403
274168
586382
778705
858586
785181
318013
906498
337438
747217
403415
750198
211853
812865
767209
129883
234501
480127
453896
875108
433741
290082
67103
382201
84300
811561
418242
998730
88121
336830
14161
923272
449498
630083
556113
697701
433607
529975
309139
327748
656088
558133
626422
544172
680650
234336
719275
967599
630112
471518
720545
584518
749859
751137
185882
511780
894068
504481
202361
414631
523562
65842
231229
559008
74988
30511
905995
970766
916104
777511
297859
777175
939494
447660
451261
982120
786570
476315
542053
791310
277277
753563
436446
328561
864502
765272
522848
4039
699180
538026
854691
514093
13969
80413
74209
98637
892007
409620
12290
598537
156030
684517
115950
113678
42887
911249
596260
491010
30792
463641
837116
846596
647192
77692
107402
99758
616381
529066
811565
797
39316
248325
275463
996813
342572
811435
50352
493657
963707
878489
234967
107172
945953
18717
955875
241955
876445
893380
855984
438413
120826
83023
508126
15431
296143
553879
803361
297027
243324
679867
921921
182986
469677
486770
229917
614664
342010
322519
476873
395365
165717
440400
298260
400952
417288
775521
596773
664204
819522
868169
449789
529429
243189
58866
441589
391351
279064
598033
760687
905501
233304
795572
45933
902183
38013
952614
510092
947181
969198
430384
27969
634985
677414
434137
997534
384318
561511
493858
429404
684534
644947
244088
57981
609846
862369
5524
983839
797376
618343
824599
367885
405910
579400
72644
893572
338691
329804
202107
774631
850221
639864
563707
856560
981943
734124
937429
315093
667654
461049
738102
387097
426881
903337
896153
382720
870954
218784
264400
302079
208389
912120
822605
984638
267631
527760
804862
882572
621722
122719
640042
848825
256677
562226
863808
362915
151537
408555
78246
47253
400380
976874
247928
154661
252691
877726
951077
570725
269684
680773
469256
931891
478602
549692
222746
11136
752091
405245
907912
818742
266427
424392
462783
305219
380062
466283
650109
752001
804557
785726
181083
164844
792943
69425
444104
627278
505992
685477
425385
714273
249183
391393
263126
1348
429803
488558
326933
200689
595026
347930
168378
727483
938798
581409
690717
89892
846010
80249
523547
830792
29074
719885
203124
652557
434351
51323
311066
341106
68651
242447
781767
264129
824274
975225
519113
710482
645222
582097
668412
401460
993081
138751
118833
324397
837658
680978
126531
735045
146331
584789
281427
862797
650605
200986
963766
913878
210415
220442
999261
796417
473255
718263
891205
978014
351106
674704
596530
28185
39226
458666
740026
676916
217146
507717
316253
743457
164519
390682
65976
990372
489226
328674
211038
482084
375974
833736
223986
619436
115479
105998
532269
346398
498876
1253
879340
422519
191472
224010
540141
251598
428809
292336
517786
201610
85780
380652
396870
66608
794702
722104
310820
492134
694727
351722
59085
611372
454653
385470
349692
8802
216740
192644
851992
862380
823680
68081
840528
382164
295126
762257
179772
515694
860533
3779
65841
447712
253138
868360
161610
615559
876870
249264
911145
690175
164122
237088
843326
902961
161135
30717
52620
9766
318888
106549
573036
376213
136468
858753
256733
759888
700414
845265
224932
482264
44961
644271
85390
465572
959260
462751
627217
630479
754468
97428
67734
978965
40645
882424
163717
166811
807278
816246
956356
456692
217406
424064
85577
603899
611674
976977
762504
161833
514603
176519
699606
782747
761003
838963
351916
733318
145365
54320
71930
955146
755453
583631
693919
624059
367543
520549
393851
39716
659521
450897
716436
751726
119618
232068
515838
739820
839257
939685
554081
176181
41229
192987
835576
623860
488181
189491
586843
482523
847178
858459
757703
491228
644858
794041
630589
194512
378867
891279
53655
978063
241427
138988
61100
768186
336207
799411
7097
975726
659976
493264
282699
550126
625222
491684
444849
387184
170211
232942
856849
519400
950975
886672
873492
892222
889964
635629
95632
708174
501532
951278
595936
195245
298181
74775
465992
161724
40316
724158
445939
261715
972323
63947
125476
463080
726222
756357
266467
990374
860757
691082
453514
987458
415581
630612
703096
725298
817986
747258
157622
378815
982384
398987
739794
517045
121788
100753
69194
140963
564179
167425
949563
58791
826290
850319
804159
174409
878192
280629
743354
967746
489851
268080
593215
530104
372071
666526
795005
733058
7766
261083
866215
189330
222257
189264
371366
445760
346913
689702
887311
718862
17158
961538
181808
314119
162038
66418
872173
868665
397683
102402
445181
539137
401294
113055
660303
546902
796324
13934
574486
496356
844487
79745
430617
577745
236292
980958
466916
711419
284045
131654
915056
955724
833627
994088
796471
437784
877217
446168
837351
342921
725633
462368
508807
623351
790093
760913
372630
826267
649553
402133
834663
428570
581285
505932
76277
945768
858967
600047
195514
360934
889792
800595
338182
522324
378567
101891
482263
342449
208532
408984
215664
953334
557661
439679
879606
776067
176782
257072
332447
995643
281446
163996
249277
217075
550961
372973
736456
773188
130045
312524
968115
800778
971467
26895
564951
41789
243994
558873
529828
628671
660408
711539
636295
365333
393258
930349
949902
967590
61593
81495
843558
869008
49499
432121
338412
107739
962576
325658
636542
252438
6573
974194
614373
739770
410929
148150
145129
888463
944884
831776
163412
28769
267340
631946
617446
606500
39558
950464
245022
852437
401382
859112
356660
76559
292709
657714
362564
923784
406997
156922
29340
447810
472136
910961
672157
573255
710466
646117
401167
90613
693952
971798
790619
937579
127977
995349
760713
981547
705
603797
848780
853336
303512
286349
4233
109534
449146
384811
752800
915904
378133
991130
373755
246347
426824
389118
942520
199543
681693
789632
682699
525702
876984
4681
778332
163417
554007
930521
482653
469275
797645
389493
988841
854640
91679
780146
434737
995068
921097
665664
927904
854727
605626
486429
357045
2306
538549
744420
659547
499470
696849
253215
207714
593878
802020
995602
611908
149727
646198
655845
826721
156768
525635
494056
754567
326887
631509
42309
750011
163196
442827
96951
911194
277886
10350
192916
594148
147448
500287
575818
501851
801443
866697
633232
135687
123502
334163
965131
256378
618896
241499
398362
602456
653794
832705
249238
962452
259834
688605
334255
6560
583177
319857
46219
311444
621793
489545
442631
196780
581386
714013
463748
691614
884963
913837
254962
446638
561817
712287
203391
231846
753135
546202
324245
311644
406303
77603
755402
334208
707862
770391
198014
798288
893400
962085
213382
491722
164549
793209
193628
122748
990399
903749
150356
300390
597430
856421
422707
131181
810649
783978
813953
587676
966757
537897
870587
324536
755984
208857
515772
343519
832130
986862
471807
246600
813165
974160
660051
900389
133929
48204
118195
257295
362994
149969
411048
875259
29544
169838
942564
355396
652772
680346
554807
9602
182297
104352
372299
546147
458711
503180
112350
981086
784694
313652
858340
378168
20564
241023
452605
375681
863665
584688
595916
128714
454204
589394
412213
737700
356997
200855
85545
25761
27398
769970
981294
530874
520459
778595
719731
462320
387776
31207
562801
737967
185115
265480
470650
228212
124289
957844
105001
3398
518568
860431
67685
658449
175060
163764
228952
601607
241279
234568
914153
558870
53652
926830
853977
160204
524592
334127
673411
251187
746540
338533
741209
971293
1594
894118
883807
911791
249196
872442
908375
465290
291274
203565
375367
236632
117105
202985
272259
966466
112245
176597
637000
483527
309687
687735
545322
325114
350310
364150
488147
804824
843431
396669
498907
50155
689177
395618
958683
122429
440907
387530
920009
547263
669676
534090
87606
896318
184730
368297
291148
334594
612479
276261
807633
467026
803104
591177
348750
587598
716207
869764
22215
806857
163532
238649
913016
538162
257833
30221
378059
798857
808488
774733
162323
853817
984108
139896
523416
973239
179567
293102
771833
551212
286480
106691
138931
700776
836332
29662
481514
772401
818372
667089
70475
749358
267175
998944
122848
599923
255654
470940
586275
53599
905093
135551
226192
766067
113722
736886
638033
171684
752627
191167
126191
214385
476804
11910
767603
841981
785783
942982
889799
888359
313549
29675
338185
134804
133214
823341
500627
590795
287729
106223
839049
118025
338652
721037
747195
505593
258911
376647
279667
331142
366593
903850
552429
19963
698610
363423
481304
434397
742832
574930
610519
703224
234571
250494
285783
242755
201806
169499
849289
965651
967872
15187
678012
188262
873870
932978
474353
31776
316597
691984
669880
809075
203836
198945
188063
987623
770201
687598
641899
425692
687531
852224
639849
686344
338397
18698
297322
911315
491099
287943
973008
970589
309602
280748
82961
164287
332299
275860
739192
201348
369509
630625
936481
267654
963673
732899
908714
252703
596286
211706
63404
801592
847065
201944
898216
582068
434444
22210
307200
417967
97441
524742
450653
711006
963210
88718
362209
212359
468902
627102
772131
879533
343563
134049
223492
378848
78693
420657
547880
922867
464868
147645
368576
139909
168786
527172
429291
678974
144266
570592
112899
924374
115756
48630
274128
135212
639155
972325
133773
372214
93439
552749
970257
314865
565
989218
580833
734363
719708
849932
155979
699474
375281
342922
933029
381693
187301
807864
937911
726431
301759
822842
567034
175514
40545
80900
231108
685214
449929
158949
970732
16774
870431
563905
779384
977560
757908
762581
113043
651766
115104
956836
343012
711177
156687
431414
577802
4598
830912
520213
393079
644834
144988
18724
559827
273349
355118
546765
732678
760036
651999
192911
457188
506050
255921
138993
55539
33545
907134
717891
857409
406490
463078
98697
130976
85880
225741
848713
609902
843728
480627
23192
207698
509945
348704
317085
117906
676788
803475
712277
104123
857214
27726
426879
469991
639211
565274
504906
864268
28604
647021
152733
314620
291821
59565
228794
810003
146860
595236
930201
991338
972816
272042
148659
229889
338473
634006
910493
247780
139586
317716
319465
774029
239694
447652
763860
176448
736446
785895
179510
516523
15401
658953
310223
148754
6035
423837
425871
936637
972251
115909
154157
915822
911628
576407
290365
720207
594349
447561
521981
300613
440127
182852
533944
490910
523665
315408
462970
229476
616029
339022
521985
143258
973158
551813
558494
147551
387322
606565
953995
447328
467537
419242
865720
296082
582540
830285
581076
580028
195704
732429
977525
331775
273079
90240
662119
194354
160545
305510
876130
628503
164573
21335
535885
35113
957545
681686
151671
123709
973719
378441
705218
833846
320050
942363
988694
807962
163426
738449
88189
804835
233816
472641
823220
475341
884701
971548
341501
910859
232582
284215
891184
329165
190640
261916
26829
536387
624565
406737
270642
486264
857601
899175
422034
626565
273835
382589
877578
735163
119708
127516
606076
128182
772796
101178
234852
432386
237717
530966
902034
832740
209813
49396
425127
725375
761192
139367
827659
758171
322802
716782
863890
139429
711522
27397
795705
964517
513683
460957
667578
970128
304466
329399
420099
84553
612456
719357
521337
492452
700613
428349
717356
978026
344902
431011
33309
61013
826950
784223
174967
805531
393133
158496
42434
452524
50385
661316
914915
477035
977853
878379
340186
180766
251023
217765
35131
35241
224302
398642
671565
67336
334713
735617
760021
631844
140004
441535
552483
477152
36382
10915
715086
582830
455456
736519
410344
632065
240070
603057
399193
290636
770733
8707
957863
386838
394221
562654
702754
457873
736048
929651
818659
917088
181006
369697
20662
290206
272014
825630
629877
50467
83710
224064
39677
967130
935375
153744
600083
146356
13338
589838
365521
821678
708443
936751
927180
113353
583765
713170
117410
568191
969319
266218
512712
442873
709571
826080
718829
554440
940935
341673
179704
646162
604248
223682
494121
231256
807297
569623
963652
201671
427056
782563
604772
428243
690315
570353
773086
673442
195538
508149
386265
684460
952994
638589
153250
168011
581239
361450
401611
401184
535813
9682
254716
557292
975297
240958
572630
128412
988702
734384
816927
378607
507768
406260
737326
814858
556843
777012
385226
365254
433249
333047
945639
60609
996751
544531
624102
802323
901276
600489
483884
891874
85329
36951
394574
326132
351881
510530
49656
435178
902290
168747
628564
330108
941138
909943
474833
995841
438453
975182
117862
111602
683202
104450
315610
660003
468856
903061
629056
253998
285275
745255
256317
154199
879068
399137
186123
835700
560374
657649
422972
153239
30136
302009
602436
770749
981459
538908
444609
441135
897522
98450
801041
610899
908996
443882
888731
888988
514327
887070
425589
13910
780361
407958
477471
65722
123482
195793
824611
99664
782725
399915
892274
742700
136565
339604
997066
25702
886703
602778
295108
820246
179526
369814
605121
780963
69445
964905
474036
389132
32494
488748
285763
185846
652473
541948
630314
770947
562109
487158
335543
632507
819256
492887
190134
330548
139284
868855
117443
69621
856162
443699
574014
139735
163251
334739
500368
424070
84118
844043
128703
888898
151762
993899
759122
501418
9989
965846
354842
117011
713113
677082
983825
630663
300742
523398
823290
937939
87324
324229
766236
530198
152699
242344
486165
887305
718254
840606
619074
55278
360561
823113
634875
938493
523106
358354
262719
435752
106764
158314
870353
694505
325264
414294
399203
67932
75379
584112
396803
563248
185406
76947
433689
406241
177442
680912
608743
562502
255456
786108
522237
724211
168619
371409
552969
931726
95994
220439
920963
401858
72597
101284
277465
372725
953092
432568
696329
438774
939385
918890
644129
650155
100971
609229
879659
788156
755971
583634
33090
151031
372029
217993
668025
742626
165305
765498
132261
689056
257725
4712
54795
385641
627664
457684
812650
548718
744988
657683
416016
793385
649907
615635
201317
55064
692439
558150
683920
942315
632131
329686
734785
123477
518919
326046
805201
949723
427556
816911
489010
740783
802983
313949
462037
431059
318727
887768
820762
929010
126305
761718
178045
333954
177599
567111
387032
544874
510170
344495
652378
734068
521968
671571
239887
272389
868082
439330
293471
885041
341683
662550
457368
494992
327590
393693
133228
877322
757138
553935
718854
228720
426039
707763
74047
663608
409164
530552
104775
946967
623832
403095
987153
280859
844582
527932
985554
518011
899130
872268
21756
634652
182710
596080
998789
903396
849930
380646
907742
666573
844109
829121
441453
614793
920547
795133
983058
741832
945446
966060
334696
404086
379007
73000
465284
874417
393052
138116
391734
739126
165517
721604
935021
644976
69395
725922
783569
652038
645712
938260
474979
866958
979175
776625
953307
134515
564097
922411
46908
112904
492027
713947
323994
380717
889443
187424
851958
848922
799397
921152
359978
322358
781936
328061
312724
26617
249082
954182
538637
895062
530330
941028
761733
7830
186533
673128
683661
709711
855537
890430
456052
713056
843948
644557
167684
338205
536776
270629
1765
953169
690062
693473
690029
121662
442324
892584
524656
528113
500749
950188
25904
160698
198705
351708
725578
753730
753824
652093
638922
262532
803478
371123
193746
3313
221616
894070
799905
684364
300293
398342
505714
872509
597861
347103
912368
990957
400531
777726
613203
133358
822884
781753
826238
331276
874787
646725
51835
92808
731508
289870
57635
335653
120737
238329
320927
298330
284680
656931
726174
646430
400640
358706
729564
665841
392843
179876
665557
303321
669345
41877
595588
405393
722877
513804
816751
459217
838692
838326
57761
522058
872474
439275
786919
525297
179035
762243
345705
341202
346811
254956
497699
24912
996947
391922
138848
487538
702302
604911
999416
702767
477836
912658
922042
136292
640086
468945
350060
327707
768278
305852
107645
194183
961943
377301
306662
671280
912858
591780
384836
620669
871202
361539
115994
863321
718257
393500
506666
152173
628337
806083
568587
261303
939443
529980
619284
373763
89175
42290
164003
731051
1411
696988
123039
168989
460626
287423
975896
548692
555717
327306
54041
742822
34433
647501
830144
171184
930129
223961
10797
934519
447663
902048
749412
971524
768488
473824
985236
725723
689365
976898
536740
405766
448161
631385
618115
266141
527097
427224
965924
750835
664835
738650
546072
157744
808792
712275
35475
713868
912805
843508
662229
318690
190742
990663
299679
481756
585527
384032
780494
978033
551398
49840
88353
280753
617875
356577
196406
798610
856124
951265
251787
331285
479163
932720
709229
792673
316690
427726
35362
740983
470244
189030
265629
261275
349543
722900
167765
404466
52309
465111
992872
361225
377960
779532
431416
800490
896961
809899
569234
911709
977610
165863
993060
156464
549241
515868
638783
166008
841
564798
576350
629194
342181
176763
399112
237129
84801
620056
656278
334790
915237
211045
543029
538077
278520
352549
348562
280786
178064
345229
118090
449277
820059
373480
868703
80695
173625
929801
433989
840951
450704
936521
344335
629890
224628
212785
900549
141981
408630
272902
254372
396595
284071
622629
285601
587169
169143
262675
642341
410444
629668
30161
227886
238486
21810
181236
677743
666577
930241
731368
508551
251622
170541
853612
151895
859294
82783
453156
972537
892565
955074
316509
643682
977668
451119
396041
335758
441190
552682
257472
30200
761249
749408
195703
500064
163590
927603
810893
496628
710393
479472
786476
292477
532679
676895
779466
158611
714314
233768
737853
608989
49363
928021
639156
781500
683263
395953
200026
969865
450751
64671
334356
642075
887402
56493
695547
665716
611810
147596
516318
394901
48555
717250
441367
114288
150450
617813
488744
493203
25177
424638
72784
235743
70747
403075
801947
189084
877749
67799
549812
616274
188583
261278
914082
841015
951626
353522
498101
658217
859301
365056
777327
234584
368548
249575
492676
934274
895245
218419
17201
887988
940787
899395
806274
995811
515061
695773
81395
58140
645879
464071
995881
772803
680595
452666
390925
94309
543948
265730
331707
452107
264190
134280
244588
252425
55252
128713
931797
256768
769339
651394
498870
39236
385221
164588
5135
932960
5960
692338
227798
487534
399720
967862
24741
596999
354523
899293
941369
551414
767420
284941
261286
60046
183657
922633
507786
454488
882881
937340
304070
894273
43081
272244
354417
170058
174149
905199
821282
522329
804476
285335
931927
119204
128962
158328
769734
864073
576807
40486
292367
476909
826345
97019
350893
675534
164907
37052
466142
887966
630134
4721
821997
542331
123662
117094
643556
743320
374852
184850
835355
562428
42472
438336
13091
362910
525769
99899
615616
206514
161903
757661
298322
79811
844536
765264
445681
204118
397259
163072
74895
736041
927187
505972
939050
544870
662673
539422
486325
360804
274938
213420
725436
10749
150063
593042
361754
12608
651029
412967
284996
678803
341571
287996
581476
155484
424112
866284
647726
424425
742420
371016
275041
933913
524828
555689
469136
746226
684350
262815
880565
305986
854017
531420
341667
880381
522427
335410
303435
974980
437108
914997
97477
457287
887666
412856
856260
330223
42650
657825
83257
791897
700895
74088
826876
991069
435321
601266
570758
226539
579084
711359
49048
123381
450516
453955
256666
661973
68844
657618
607991
690844
271786
461478
722728
592755
290050
99194
621786
965017
433771
780823
665416
142780
150994
575555
918766
237791
684884
85866
321909
22177
678177
532575
31322
603474
536996
849298
524105
298573
750254
187954
120782
105922
724580
106662
121774
356653
129475
439613
361642
583792
284860
71069
151145
138025
472747
306663
209168
680851
235405
236738
6356
99860
22593
8178
158448
325071
122452
874731
314935
282192
407034
814775
609547
408325
735909
614047
121190
84439
990469
104891
627169
603496
155548
245265
313964
883580
963523
427962
416137
725484
562708
113724
495696
943834
196006
960385
704555
949530
518824
21692
269525
932322
811925
135716
265792
659612
373608
523895
113900
405589
779586
371521
651555
931281
608591
459648
322521
508711
413270
426805
874068
19439
744065
506146
52556
521839
954777
935219
528050
973336
951851
260114
660594
260269
52296
415193
780081
369149
253795
658630
161598
821466
358608
357576
613690
648485
515808
615823
426049
292317
633867
799641
628258
982604
145732
922635
311377
533060
102656
914244
8318
972397
410682
532768
37023
857210
301144
280671
598757
122640
53350
35745
267630
701683
251437
428347
231671
552793
7362
641293
977673
805273
516073
81871
269404
764831
860916
487421
167038
543473
956621
701378
421616
187892
286640
55493
831919
315979
622361
472021
880073
796047
320821
954002
111976
396456
470566
103848
526192
447753
77421
725441
37458
734813
970465
353037
269962
519037
903052
50432
397041
245656
222389
586118
697090
581464
815199
352630
487324
186713
825083
657732
248829
249416
153327
762622
883698
592200
263563
365759
690949
11383
872674
915558
468370
611954
126259
373143
61900
821880
456677
901268
858682
793914
12895
679671
651530
998442
539824
825373
7588
568267
721333
958963
518042
156410
880774
49341
312791
255054
994997
877359
91563
720551
243911
834086
489637
247932
528098
87187
148805
982374
453936
167649
821088
435703
538961
183356
904432
160314
595983
153142
690662
235426
616564
451812
5843
540588
274845
642900
298483
587372
256019
97301
207010
310841
251524
193146
849007
691645
383220
372515
534574
702132
713105
895438
3145
59752
519283
637417
114809
707225
906079
812768
894119
390083
136343
430153
569602
368049
927172
854894
80586
899042
989418
976939
496593
114040
401146
564999
353508
377329
781974
492209
5762
446947
948724
288742
341522
917527
446568
319847
865350
626121
92522
778213
734627
805599
252861
786353
27457
577321
311430
404080
600665
154062
598723
465994
236495
844334
463918
899676
365658
514929
716632
780199
227327
701607
253033
619198
324213
443051
968893
285108
937736
609861
8592
299920
597706
621816
453252
293703
367844
368724
527129
133301
187151
619964
509010
384004
512674
596717
560703
167059
557806
951821
767265
464330
521574
465833
460092
43668
986258
610816
622372
565120
887706
590085
354097
902009
190994
57154
63475
29954
90149
622198
430241
879017
765341
130088
129726
152968
128373
26328
403854
963781
909972
196616
159803
636980
166452
950620
4589
869646
484432
189987
526303
519143
357337
351491
470136
53671
364649
179404
519331
828234
545332
530681
659126
117247
853321
709544
154633
195523
563301
543716
998338
381956
552331
788195
333425
267063
781821
210001
24102
720372
169900
697588
837778
851299
482926
981688
673300
800866
950989
952648
276227
727390
536001
880869
276203
391355
411736
530506
425478
784328
181330
700111
956832
152762
964339
964942
787792
134811
985077
689331
183306
517679
665671
996861
9018
858874
748447
384584
67100
34355
185326
768833
83779
25445
336798
861898
984399
40509
572261
232386
79693
229475
590826
585102
882019
543143
475051
293373
841741
713024
525184
460037
990623
117704
126799
750951
124255
624512
571865
520983
472845
841043
157101
901193
681704
509504
242647
2299
440661
28578
566779
629285
769786
443341
205943
755581
173630
140798
416900
888397
699215
572580
133722
767615
350026
637581
129782
144657
740941
406271
523761
69525
532586
684566
102676
993594
636947
598185
522889
476979
18059
33397
181961
728885
239995
41616
843757
829798
372144
815421
353255
688919
62893
686579
270075
163855
621444
834150
95053
285631
588148
115043
39918
107872
640829
885367
94959
946202
679266
239349
277772
762365
997926
960930
29788
825494
464168
517262
372059
166956
124269
911325
315476
66518
206762
68066
15971
13220
743720
919417
181871
467946
809954
691510
863574
271271
981885
532747
994550
2735
446264
21875
152222
926088
669004
832610
761530
403852
186896
159030
276905
261893
273448
64863
13224
323466
721659
222517
967389
767126
617315
394002
325890
330043
459229
129177
641525
721105
493914
247241
303467
693109
409730
236709
761391
249061
618441
256374
173977
281744
162465
423363
141922
899456
864456
492316
592936
851670
967151
896248
316452
140349
414662
288099
28055
480574
947555
690798
311028
714448
283670
433696
120415
685876
720245
844050
587939
757074
34739
135956
323685
959159
291731
488931
811083
158904
196346
661133
661617
298543
529853
265164
613635
877832
5739
542412
373455
399324
72452
824240
834152
991617
432505
910011
862640
98452
876831
462021
101296
528575
585832
386729
617185
619055
185495
927298
464227
769155
886707
986089
983261
15986
956485
306489
66738
587017
741162
860144
851289
41559
115072
696021
807518
417585
361059
981836
974258
643943
59853
580936
688003
964404
930410
721022
115324
605994
114459
928037
636186
662266
77821
690271
129163
45862
796487
326118
826789
571772
19624
990562
297900
772980
189238
131159
167548
470361
827586
593229
596631
525442
357104
644260
639925
625520
423833
879445
608001
566092
438093
190047
989972
692798
863358
630788
132599
779869
115898
611917
972121
900198
681857
666962
523341
652802
908890
471726
684285
612545
793527
850091
779402
587600
319043
226137
44598
896795
43936
216549
657591
240204
618355
122470
110261
37909
658829
449650
258087
796770
759190
933080
518742
784974
705769
755855
937661
198098
48004
281967
143992
486023
754689
381122
376873
36193
824392
552191
925764
718776
703078
280207
339101
747104
679820
131337
547157
238828
602485
223738
528266
601529
531513
589033
124384
123007
232652
629431
356601
884908
762946
799202
678900
669131
484445
4038
521587
980176
624665
569487
563734
584655
919983
872700
763833
677975
238655
30256
865605
46515
995640
179845
891754
509799
133082
384783
874130
380095
253658
679735
706654
727656
747351
304436
591026
547860
148487
465128
397499
351344
353655
233604
68817
64814
750944
551520
339732
446909
160426
981644
63268
409339
622382
261521
520615
178411
52493
197754
499156
403517
76946
705658
247440
805616
257363
339975
26437
439180
810551
818980
500261
17861
500297
98166
129542
72867
122477
47866
306067
927489
931759
67526
846184
755936
386558
553752
201464
676743
958190
549658
939413
759220
38131
814121
21483
163605
994846
198212
539333
349182
304335
546045
173349
437325
248275
590382
134442
199376
782262
966187
515244
330542
143208
159509
70180
304371
399661
607300
901734
208412
104781
235431
949486
332242
544011
824285
412423
848752
781553
677508
28107
598447
170130
415741
417536
832964
92762
272801
902715
184093
423251
199150
668886
431845
265880
681
480752
488366
920684
696761
829921
847937
861102
968633
802562
613956
534675
445154
783566
843580
946611
333153
86540
354787
198171
646664
19639
328897
850522
652598
385189
718937
985036
700542
718875
362530
391193
155890
310151
842691
598622
429873
146730
986489
605939
275587
798648
265262
839782
572733
608838
84688
506912
572032
801736
827266
601009
830258
764562
953109
463194
537952
667910
563834
465671
564532
796068
868978
203244
479720
452148
436083
887853
762832
472874
791301
344496
372065
879354
927539
343262
849349
649500
185541
656428
968834
673064
156878
618143
305989
13916
208298
44015
125809
628552
371718
312153
679296
929588
101892
756620
714677
905447
383181
409949
182725
232923
59304
938763
522851
995801
7852
733584
724997
99795
91744
169882
969235
562372
913360
536123
222490
405619
707075
243345
450009
261044
138402
949488
145098
25783
550060
563965
63205
809850
405853
8400
306023
177055
943643
554246
69483
694699
786929
275316
994506
951087
500561
333186
206870
251369
691066
604291
39468
917169
378493
714528
500216
146780
292034
131748
910797
731506
29204
544112
677630
633210
224722
227521
260433
409315
233294
949674
874703
725786
66722
912902
657740
763507
783580
300160
444985
573906
270092
166919
967627
32613
480513
939412
86636
544329
888219
287208
110474
5619
62899
929375
577409
192809
158058
32398
837996
706077
396159
97366
53911
24413
490293
420515
576324
376023
519036
460923
993871
834492
725127
810104
75302
141778
616720
903133
332811
459470
246945
712026
248627
90368
869746
36514
972183
832306
347215
873739
520049
264092
801805
531536
599113
300712
551015
365808
726467
530760
913608
769618
708642
772381
234514
182800
353757
290208
253695
630717
794625
707999
253167
752841
69258
447609
686032
775185
752526
40962
84008
706814
720237
620451
902069
442808
763618
219329
654370
197968
320300
576322
730147
889755
64940
338819
471624
703283
514882
843601
301119
436915
239204
458840
483619
478957
407643
189146
224144
170144
440560
14274
981741
876729
803511
577149
566173
649767
566623
887238
785547
272789
595050
180431
98525
797760
85585
288451
90232
791740
58146
554175
478565
891139
379988
458210
430190
881708
151051
593358
683410
497410
170305
918308
408586
350129
418000
926162
587854
295305
704239
411255
605305
370837
654291
34266
890340
595866
776793
960851
185595
104657
697870
889961
980813
716323
735276
316627
260022
61079
649019
423168
595821
898443
284167
176636
266593
771254
754790
527750
681100
76007
81591
396990
870409
949963
276463
606191
257087
259320
572402
727646
700244
408450
354931
651475
200870
59171
961963
662761
106291
941236
525043
926031
78033
39424
754778
764075
706598
283631
656784
754306
28696
149595
366868
972525
135843
792772
921231
874708
948474
649803
586355
764985
334296
115490
757338
888956
317563
224181
259062
837956
147780
931895
533217
456331
144399
721501
583137
105268
964612
763719
741849
318533
486870
456628
567923
147848
262035
21783
726383
117787
280963
577408
628087
596597
963952
979693
922539
749159
947508
528559
416501
959158
113720
267755
144002
386549
408594
229852
98245
756401
675986
771858
917162
184514
94829
457765
656682
21471
976777
680653
793150
798733
959590
779940
689002
594514
832527
555924
385248
181369
601928
948142
298855
544832
353670
872633
526204
33028
117694
913899
154284
590164
199122
871897
83125
205821
588419
887632
496447
359782
299153
131215
617425
680406
58030
117777
29868
92162
756003
630422
176391
320457
952746
207381
353104
295028
482289
187306
331938
175474
708301
908989
581065
91682
334126
911419
177807
260501
737574
452582
639850
714929
448517
75266
930456
447768
26144
436668
911686
697021
67539
408169
140375
587021
930079
29245
63847
911478
197456
431068
728426
885814
778857
412425
928074
857320
824874
990012
395622
172032
211664
36162
87017
902898
579529
384821
282451
278758
480510
917888
216473
587289
110927
248125
790130
623923
876187
814601
401585
336274
599259
376279
73185
681536
645559
221790
496488
598367
800686
445969
852062
503666
7535
231204
689693
307826
79516
734864
443254
929358
68168
534444
445347
708372
907666
481673
458782
594982
322624
498237
2666
206022
98165
535264
328116
656391
407697
600315
111064
658296
191737
78118
587623
8072
634209
408340
607800
583886
616240
852794
971940
588560
563113
269306
243479
299535
568397
225179
406646
607305
882808
692043
670836
61271
766146
159045
513839
362949
26066
820778
994451
981718
781037
676163
826123
443279
751298
467925
215682
943703
220502
565588
694473
772488
418795
140223
154090
72539
533029
117187
231752
918160
423345
116616
849787
293761
404089
784480
171867
606351
876935
633012
978545
578535
474240
803810
432312
2923
907688
775021
697199
155938
851956
593087
40667
26166
321407
639103
948203
696341
147143
643639
749614
373177
3160
932239
295357
250290
945769
168850
249007
977825
884158
725680
327539
348941
403213
27766
998537
338003
604624
898735
196820
668535
59947
888229
340127
741140
103158
610078
99420
379331
447817
85123
558424
466830
353788
989175
547775
655553
426368
287916
533421
871835
860666
706900
180438
630358
466553
665803
689632
764966
890600
62283
833952
498948
828232
654823
422611
896916
907931
36552
565540
98302
399133
871381
951724
939320
548452
870227
406204
685274
297985
880000
682541
424360
199576
128334
234418
166361
349703
477689
863195
900649
208473
263233
148930
739060
239623
880169
430643
853997
677847
400252
998326
166518
154359
30968
188941
238633
544371
922028
660069
913118
682237
475718
644640
111547
960965
353827
113830
264244
33000
643985
592963
892530
298574
677798
986979
219575
38891
256013
536587
25173
653
605441
249475
100113
112715
43427
387647
234974
316798
377768
454560
280036
470068
970242
197974
611856
367563
995847
5784
760465
935444
60805
299460
647854
468525
715894
557052
579332
529404
655270
181898
167709
915426
293654
141301
455436
269183
23391
475814
324451
113050
936504
123076
834426
793037
161334
675013
148514
267157
53972
176503
388524
492086
274218
227224
319745
692370
479696
146654
814011
380142
424965
919271
109093
451691
431558
178374
15589
279070
113886
450929
390390
630187
53128
104264
421803
188139
385956
858162
79116
789573
865324
363311
686908
287018
640651
518189
593717
901260
884659
419580
892951
259568
737523
736393
247126
683477
174348
460486
216639
496625
716754
161227
554873
455083
746945
369760
541919
99389
869211
309525
431183
905389
547867
924745
688571
793681
239433
187412
219454
564162
395571
241992
675643
418737
364800
968015
584216
932527
967512
445371
16370
233672
484815
828105
190142
594365
712846
416324
893339
623214
771751
258847
298079
151415
339917
775163
569763
109148
57004
619862
449726
704593
38857
730041
840260
77422
688703
848581
529115
264084
845652
292071
533764
630592
920187
514705
7759
515203
420637
34067
702334
258798
92325
605542
223847
145634
177288
518658
238705
113604
170290
880017
805808
380950
200690
250110
26854
829452
805968
533572
445302
821444
957282
280459
643994
798265
789530
30036
511525
142938
430444
496706
495784
691159
907088
408065
994987
849411
131366
400854
282457
971704
431300
117825
582660
220951
105983
994225
209866
369077
202457
362693
741872
113514
363922
337935
209110
441085
448180
505653
351856
486041
328693
77310
792147
814274
182360
248312
453140
869572
134267
942856
973786
858463
405560
350056
678347
718877
373891
676471
894445
349798
215512
544897
573144
500541
148886
361713
883481
701684
721580
193896
918287
564068
256292
53651
663190
237193
928
362699
581006
919074
954664
191965
889923
861389
459586
961252
289937
858597
156128
227252
108484
273155
143710
114468
651146
51875
383694
923690
663659
952559
680554
514829
8329
430546
371163
711577
810378
755053
816544
689359
885148
248815
174603
380477
476065
740533
984171
661259
90233
2433
512600
96471
839510
90927
849377
251487
694349
616339
83477
730768
243015
496251
348429
281385
846491
784392
12589
191097
515581
344707
536304
293618
768952
509680
573410
884594
911149
278673
84127
367465
732522
704129
795503
433379
671036
152113
676231
345311
404109
144196
91324
962092
597341
491742
339694
974711
172390
752388
259965
772693
540919
986431
872592
342108
973615
946856
88469
37813
235143
440779
224849
655007
161900
86726
502425
211908
817810
354634
465257
606872
460623
638484
568555
95823
210491
763660
427308
419922
407836
86843
931073
137480
53149
810957
708787
613905
642672
491328
223838
539550
83959
498593
556449
857993
47950
710873
961399
208769
89783
150887
398615
34904
947995
378610
669690
971534
846994
910454
309898
910335
810514
267590
196307
710583
236025
587936
860457
507779
458209
493233
508875
621323
599875
187276
899890
550233
277971
69133
735398
115318
676058
804150
963285
612461
320053
516041
845463
806636
5288
374961
635278
259595
895021
982306
72849
1858
138635
902471
223869
817554
521993
704785
540862
14468
889351
165358
417178
250310
544180
909474
260141
972155
196533
730031
992161
60852
180130
780686
155382
531455
535138
63044
417241
618424
111353
624172
35811
736282
757646
137023
769638
849670
803038
44093
144291
185214
470626
998245
206851
996312
4783
447797
955742
970467
768462
781863
620232
556303
836499
980046
638208
714872
351357
555454
249448
50000
457865
802697
889581
88030
664854
496626
116248
214804
403443
649206
258543
218955
884651
956294
641000
118757
158343
839292
657919
735629
251914
310239
267908
867138
706438
49235
757309
786590
228375
855019
255318
577629
618375
167387
456428
911839
264276
136803
880082
702235
673636
827016
723537
486071
965852
20007
278356
82135
4151
290424
659738
204054
373319
957654
549834
441830
563612
187019
882344
328731
50874
988905
789952
478096
249378
180376
401891
584034
799595
660501
179393
742840
121935
216164
325470
428834
66119
102488
773825
673225
148638
68226
772691
427568
971806
296449
819343
664432
58213
337349
969987
791416
844491
294
569743
313930
346035
86730
317997
460610
416880
942103
345128
855587
92796
295638
449855
704668
51825
390574
566686
438878
779901
375546
92741
518375
222084
665556
627222
34501
447381
671917
583804
552629
838715
568405
467153
943580
283718
616179
963275
560769
42569
582173
310882
617577
331061
949320
819545
231831
794973
498427
323953
476665
634932
184477
233137
81553
982353
99291
485456
986654
740416
265362
940396
214594
435013
183270
412774
627471
223734
788115
742317
211264
303498
561146
166036
680931
318829
59231
151768
865195
918987
810990
318474
343705
389706
441326
545498
822472
435
571126
384115
377936
565991
770658
950692
767806
233206
517473
597827
667363
930131
221340
177992
282177
56244
43101
678291
9130
860338
430817
871688
982875
51575
974500
232346
267385
966485
847181
954212
125145
212293
503432
756639
986825
831979
578000
192191
762547
729888
39249
791196
122260
656630
526049
874313
140919
903959
949516
543728
67714
70339
331383
535970
49619
569531
54672
498279
450411
362077
499354
388904
491486
76407
763934
55634
750943
603145
654821
131738
581875
977386
256553
466061
616664
169658
187441
573524
171625
774215
137342
500821
57841
927683
742708
734630
404249
642637
567376
56343
238886
102435
900352
803687
125628
705579
18103
673096
750091
604644
984550
451951
232750
835575
291834
162326
681294
62635
602415
663219
167499
305294
992314
75482
920947
503936
138048
923094
375911
39761
49889
67241
56145
149223
336192
657007
164238
441768
378716
896224
181578
312488
739453
57472
728315
156568
531120
402200
906934
82893
525018
902931
972005
918926
66676
431172
563295
597257
443585
46484
498103
248327
743963
780631
173179
657233
401340
121643
665489
973372
504884
201635
630497
751240
751758
11287
598819
574233
177116
535034
917602
728459
302134
341174
922699
213580
480527
478351
381790
174006
359587
329253
593808
295473
944100
169565
794858
767168
935666
409553
273406
182560
989140
844482
50652
288080
654323
241317
93797
683699
264910
255715
860772
139932
689798
853804
662713
937033
687022
476126
619681
185049
630117
111581
766962
404702
343070
939599
96014
520389
398540
856186
296533
736435
471931
720038
435675
183648
472460
800160
270189
21062
510676
301903
311152
942604
305565
347901
517454
712644
646661
253974
511868
216853
456202
494259
598093
333009
165365
536745
219187
30248
660399
926336
757197
51131
385091
178420
368383
646071
35519
14586
54069
783275
358711
41336
120961
707489
109065
474238
581748
557742
415417
139095
751107
459282
975694
243353
529470
767915
141251
546416
827428
948991
784926
369127
151483
989133
66939
167355
12293
351879
543873
142994
379833
61876
261663
390581
510599
552086
935822
792384
134542
767040
504093
392525
897691
746834
442291
869343
129981
681074
87229
766238
911340
399445
400086
626861
764246
143128
670254
909114
672644
937467
83730
982318
903480
247157
345206
882282
949282
376369
491879
485064
574927
446981
880701
691560
673484
235603
767766
497123
502005
521426
112741
926632
153452
452211
988048
667591
91782
775226
473945
639719
131636
841630
708782
210431
291730
145198
248491
125715
215493
90041
206256
777154
621597
427302
637649
178052
909483
612790
502704
292981
647505
648965
193808
804791
123951
979345
890681
434789
339381
848263
300478
431138
456236
399972
338870
585803
969087
199120
307697
893420
374770
814945
462331
856541
553478
455160
482339
228593
822892
938809
539715
537002
99839
597833
947260
761399
901931
699416
924196
90865
667868
253387
391156
584130
380934
824533
991922
864664
541089
881069
658079
313294
896928
548291
252163
162971
13697
249490
693496
162215
431714
197989
174162
1615
35844
866811
81169
815315
966944
970614
631089
539615
932424
147860
145071
450047
562945
332756
612007
760695
223471
751703
62129
527786
404743
291969
400673
275423
529387
947216
238738
210706
397151
971689
572466
68694
816179
289267
150537
394233
780266
640732
719861
159232
856191
79672
709968
447676
868774
533839
694702
615154
851808
107845
542123
275809
409944
721688
297096
723378
501672
268789
977369
567218
575764
5300
949764
603658
562260
984803
314691
380156
929960
122
919425
830364
677637
9366
16793
925070
580967
732134
33990
539286
914093
699405
842635
271771
170675
343994
227251
256741
981455
832898
208933
681438
217392
564192
631344
406378
409708
357281
279212
958552
532427
751138
656491
994707
555276
358237
974889
549419
64933
29302
360534
824889
396113
617654
7278
281083
465191
626396
63651
647679
584900
812369
818310
524748
935960
111972
742440
979272
94442
327364
221500
449533
789404
46300
757991
35419
103569
559132
992634
934058
499935
738140
891293
573408
365482
817154
9026
544937
601303
676379
694594
692747
134059
96387
957532
598252
199691
357137
50249
50262
985150
915531
681745
507838
539724
72984
682412
416592
95785
587248
578186
916934
959629
794593
630509
740513
199769
82592
376786
582090
960426
83176
272338
608597
874939
56000
2141
831928
212370
122678
836948
615121
350133
439082
515341
693459
582736
287982
208807
230273
58523
218567
364015
689864
320012
771568
138713
806712
50745
927352
701286
734107
572391
910068
113204
522344
563580
497942
134501
679429
159009
820941
994440
331969
33008
403670
200907
651261
629706
871523
858864
996938
116149
312214
907225
566274
636927
547035
150655
303255
415734
306249
507890
26410
786149
320545
287153
231611
991362
893653
822308
574148
502554
93730
273215
838801
20092
612316
862607
822181
474678
949389
715364
307738
645518
231645
526382
954237
814979
177739
205237
509597
609220
258097
45034
227454
538126
114431
478584
776091
829710
88017
265316
59021
312769
538439
478518
273558
528976
499931
271928
194917
159176
776649
595822
741716
680005
368001
263056
74186
815086
648138
646003
636279
10181
454220
192472
6273
756698
441410
242712
306678
158918
569753
149994
732032
931476
930178
55173
913604
895879
458232
3213
926290
374812
735055
285932
838884
714050
454493
166026
761198
929103
250650
358372
782145
276964
652767
843393
992367
91455
817760
266488
9991
438881
327567
255797
68530
430065
54210
867688
31760
798093
498216
25200
284386
479817
136845
361744
706522
742370
116501
191165
326588
749026
536731
125678
872208
340764
361644
735891
345836
918778
689094
485319
967351
100679
527648
729371
642797
448458
641254
932134
45854
913198
900748
499415
902493
692897
777644
873395
467239
259023
109565
595971
840061
417992
579326
34028
543341
452476
713956
294663
789821
726010
320209
425015
383015
53569
561985
956408
642243
506575
586982
826105
561849
110194
106701
916558
939359
707291
466691
674158
227652
563773
131069
316093
859047
642791
24325
523012
326001
130105
848867
651581
502152
666471
768759
828197
290091
221035
921137
865986
631847
216849
69247
755762
923656
144982
611060
579487
452619
968014
586290
65582
797800
405605
233152
9795
877332
652413
424480
388005
43087
113885
924775
89022
239324
828856
263984
56236
534868
103385
773331
348366
899382
996716
812275
443017
371355
911941
484151
876568
372751
414012
243711
794539
711084
641797
65756
868252
122200
65977
851716
114783
455079
418447
59986
59210
126961
747891
327291
317964
596901
749607
573519
441686
638928
631234
659305
761663
262359
292393
644028
854835
6876
441073
595316
171659
85851
743715
504188
311204
233236
377539
556788
741715
989697
772536
879637
18299
892344
490219
252474
804059
463867
229429
257451
823197
47572
346549
965947
617521
79213
900767
173021
944489
18757
303424
941584
934010
682436
695879
597956
210301
351315
82133
484901
647470
197022
189834
115228
212454
569484
255486
478909
770605
718109
960916
559209
473669
537162
666885
289517
446868
926764
31028
964998
779351
516503
854454
688394
613329
653692
341461
113202
665491
750819
420778
812661
895745
869334
541338
397331
526786
917747
105350
157051
514013
547693
460172
3090
131251
851232
460522
11904
220086
217479
459400
910922
425569
92784
351079
274726
320580
842609
417105
632818
740565
270093
457133
326414
228268
166952
263030
417934
968816
145118
153982
746079
261879
772312
836186
57986
709805
283121
798427
802435
578358
467843
829693
882863
691781
188806
349846
969687
933110
791986
438363
179606
683337
158743
213043
741411
530816
709382
401347
644478
701163
340530
446367
100372
88737
575336
254649
378013
830284
735311
586751
649961
322604
198561
866945
83192
971142
565108
799606
490167
409075
939193
98972
765309
880117
199509
88967
522188
101164
315589
386129
926134
30712
954351
896401
735869
251642
690257
481341
278840
612072
470878
748790
622727
260448
435234
477399
510338
665667
77116
844251
112281
118254
271559
172637
958122
717945
533713
950803
668042
917635
29890
114044
790837
318180
483042
890493
734987
825531
213364
456771
356132
351286
578632
57216
63195
242235
307199
525832
536851
88107
254870
469869
743467
745812
388919
8720
520193
784055
258880
147400
988929
631914
721237
29035
753457
97421
397392
82648
473984
260408
337847
298398
198284
137719
120723
222329
201564
12573
202313
97538
548343
868092
339670
459363
40989
796669
752628
189492
636297
361615
655449
366175
140471
50065
879895
259614
173677
464977
455666
393920
750931
345324
174947
247722
571103
63603
598217
211949
70245
927684
630011
168515
907094
619098
876068
58100
307173
848304
930332
870329
788668
170492
714193
470057
66573
865252
513009
783179
244594
3671
830839
325017
213071
616112
455442
366454
617858
845770
365086
263947
592544
3247
921968
196694
404648
49421
770440
878221
893037
866847
5724
230635
53665
1809
88413
915295
171165
830945
595326
61936
189158
796341
563791
556203
801275
571316
917137
323463
47620
102449
454272
649872
21041
676853
121212
336238
260358
864746
214712
465933
278366
146196
244410
685024
66506
924191
292512
986627
114335
204988
52349
869957
85999
610802
976556
899770
246364
500773
515714
917069
505544
157795
124724
93463
368600
811656
962745
280274
504762
147305
6046
100858
290497
373527
434390
380745
801328
368080
200754
683281
171479
604059
825383
532998
560565
482939
488442
958378
395190
399380
138398
638941
100799
861978
499739
481683
613816
230615
851658
692420
743146
750982
348088
330229
198338
709349
67042
30677
569903
902308
847416
795871
956868
730103
914714
948934
789000
58525
992763
742960
537886
382410
739678
997267
448939
64441
452095
892483
62528
995939
280463
455988
954715
515243
654337
437735
817334
309544
789921
666105
105894
44944
509722
499279
176670
374021
575822
608585
555326
46765
750912
421206
274756
337828
177986
125266
151371
197002
951581
605967
398296
668871
386734
206112
294544
674493
772682
715352
772754
58955
796933
680610
747820
170986
399545
375365
633525
449643
838722
325688
703910
725659
326869
393612
722139
932538
700248
838178
369267
855590
902329
877417
62316
776082
51807
949487
570865
896741
888206
784996
172608
136840
387171
220251
644317
721772
18696
606674
800939
318097
340597
502555
293355
909300
718762
698994
231462
711074
467581
407919
812312
198851
568100
312108
480997
95780
24531
431299
781135
732923
815584
336620
123004
122723
41639
947459
726054
851667
49610
516618
544258
49685
556218
175566
648661
711765
86703
892003
401020
870927
559129
100363
163461
872185
781759
359411
439509
438665
58916
824403
231075
204788
775741
925160
338486
230102
686150
681676
704646
64986
408589
451096
498173
384583
902469
599282
584728
844534
692668
505748
39662
495477
825824
689190
168034
747349
239871
153911
57000
803549
858325
783091
518809
816024
656029
987875
794862
474072
142190
868237
764849
591946
846705
560410
694818
326651
438421
484235
956799
73761
978711
834286
88940
107589
136350
880280
322556
677821
337508
215093
517568
200496
994764
25054
963264
942892
813127
614352
788977
989369
762483
690969
972549
718126
337024
280361
417400
186949
421603
306456
982596
691476
317907
551878
907960
5389
987513
732739
89089
435605
611545
425805
430959
612844
193522
759597
383606
653496
367321
67830
332282
656838
548119
629708
894747
876076
160337
666936
933356
333170
233023
994788
474907
53269
136439
937293
55058
169601
276568
938334
863862
85685
535565
875121
608482
77185
735609
748835
178224
258391
197722
348826
202320
169640
807265
61226
620626
762458
989324
234928
582167
199208
902994
342277
648734
935764
547128
275518
647118
863542
608444
467005
939083
806540
287594
10099
871891
465722
722665
771151
222969
286279
850745
779609
364985
79963
657190
71283
895194
344448
490986
66066
62048
262793
183021
43290
953327
532936
714910
137794
748620
202335
482777
630741
945248
311941
546528
539726
376465
732782
360587
736338
432220
222937
14881
62709
965251
193267
980708
989196
241171
186664
439513
248131
522908
321993
761172
782099
900051
739603
506086
589197
751404
909139
202273
439974
312839
870213
892525
108542
52558
994421
653900
640034
759350
643667
770996
209456
41815
950968
14429
458984
151565
90651
328527
6862
465393
831042
989705
790217
335907
400224
299366
88677
118037
617350
98072
523476
535337
675873
297528
490318
117162
417624
161133
495521
721418
610310
611529
502584
772314
98828
231849
536500
898852
947290
154358
706765
993504
246935
172647
355255
291481
653682
859757
161792
118137
805375
363171
198386
735959
975535
269206
317172
851996
727270
291946
677707
711708
482315
422512
616627
380692
739685
860721
69480
578160
582176
476740
687175
195311
620039
187667
689962
528136
649979
825586
707170
875663
718346
623678
419923
930623
322283
989815
832952
882360
320745
879404
225069
580421
949826
281966
100166
720804
631906
123373
664654
91564
18803
880579
321520
944479
774416
34932
229793
975517
315751
726590
696968
414772
862171
423649
414989
219591
552123
5942
34386
358512
149871
376556
377438
239285
288308
904136
927323
503929
338043
814369
487274
510244
717680
93942
70978
68819
412878
795419
675171
639734
827396
282078
498290
7310
283691
609794
427569
308901
690885
930091
192627
155189
288400
277501
170119
814765
38581
116176
153843
142044
854761
130006
144548
582708
464117
715477
13560
73267
206272
648282
951379
316514
518567
693722
400798
123291
360845
983802
692491
772728
969360
305760
108325
4958
400699
423582
768643
594091
2587
73190
503296
220553
444506
582683
108905
527365
382883
874831
805650
667931
415395
561563
571869
312745
985782
485486
180832
563247
921190
626206
293863
222669
649241
902166
701759
309981
237107
859643
767577
282270
997169
708722
540266
428558
336009
580822
636226
22173
372654
698487
296364
682506
277569
910813
966585
484352
837429
418312
53029
520789
41141
918621
15644
238186
526231
803885
672976
789193
666179
852418
682912
65270
339498
57430
799881
791024
895499
505973
647435
361622
321861
167671
692268
933894
196881
756238
193021
727033
55846
885353
729849
727820
9031
888171
503000
718127
169887
362251
419886
403885
559254
503730
106873
466305
70103
637758
735339
689271
514375
156256
295888
541295
183043
60519
195342
489838
159445
301295
42760
978426
355338
557598
960014
21526
9658
819977
745232
273860
852114
241380
123990
715267
699968
816394
61917
588575
708967
783613
315251
637718
987248
251287
283805
737963
157919
889418
878572
217697
608865
185948
257135
366540
914858
567380
376570
227581
534518
418013
117923
510925
467650
764894
776473
73866
930915
829394
845901
459579
637596
968330
549669
381233
782981
529967
618501
510423
481921
975084
817905
648340
921030
463647
2110
958928
982737
46318
220556
605012
752980
245555
453535
78148
746245
456374
241900
309670
769580
858074
766858
694216
893046
731019
17870
279541
239103
330669
35709
878907
165458
818794
246418
812430
39318
222196
343597
768873
997970
270327
531434
245062
396853
541059
927193
305660
491387
493955
56775
136677
910757
546426
490119
788880
291438
190152
785523
712160
86168
427357
204218
592592
72674
428054
742922
172792
452495
486133
657573
278328
400933
594719
737790
665783
759797
248549
712088
632535
89375
43441
708197
667041
692630
643077
300718
994007
336492
57528
74019
523347
60660
728000
836443
536817
135014
948823
119343
952506
987107
26205
5594
325135
322896
621496
764531
260193
788439
222128
179124
971885
734849
210990
453177
658648
999106
922632
413643
969778
828223
878716
145246
620518
547098
442398
958245
300978
123159
133251
110691
560042
552832
866880
832101
439904
897858
520354
594417
521246
21894
285786
837832
130325
831495
119539
780825
129415
763283
505603
469751
66381
14132
528115
376946
611178
713345
309581
606162
2061
140642
176003
621378
815265
157293
839790
246866
33326
284289
214178
832228
129604
91999
460248
66809
312026
27409
414451
478594
378671
179515
887360
447336
405637
781823
597366
318681
337234
656694
815011
549843
915022
97147
259467
298906
865316
497248
496720
938171
331084
910264
27334
516322
890069
648029
227783
273864
210718
347630
916612
390418
872252
606522
592764
774738
294989
105582
93714
948504
593745
734238
342884
927828
88597
742207
545324
859871
818443
190245
61284
650220
390989
12280
417699
45216
504163
185171
163231
960822
257107
937749
585473
155993
762539
160195
528678
272667
969153
435928
473841
382168
990321
496178
240545
522493
245743
517342
271785
302974
637537
712750
227585
64004
251384
119242
810803
654248
410635
835192
217706
26130
398506
577180
681621
87828
905565
82167
540908
882405
543946
176772
368578
928895
246427
577561
286078
600818
318973
614833
557157
179650
348216
895028
822138
378454
434074
717394
653144
779549
700159
339884
821870
551533
214305
596514
916661
54032
335215
653411
800794
944555
313504
298024
150933
120450
204420
414946
672229
482399
696920
607119
70085
180035
767252
650504
889534
566362
175116
185726
741047
709334
448496
148763
512961
547703
549535
287372
597504
80403
929574
680169
431265
759092
315124
244801
549410
426104
40773
920555
623909
551928
760468
712727
393017
659270
242314
910478
36899
787044
727622
425753
152480
475967
784151
729260
767959
838883
535740
67456
901862
675690
122547
337000
696255
569301
673163
591593
716570
315962
298505
594996
54474
128414
604847
854995
259967
175508
524444
249713
887069
848986
841141
208440
122975
226099
498604
265582
529260
235780
835225
929053
66151
896660
320830
585085
146312
335928
98440
117128
981311
85798
774104
397085
2736
595779
977589
924687
976933
382446
590778
361905
528925
736052
110337
699950
957294
923226
480487
804855
664206
193497
3579
264672
282793
572698
635128
953923
349027
704648
536748
258574
288815
98611
370614
590150
467930
555566
442302
879713
598563
875359
930728
653500
814348
636305
598958
689282
430596
969567
109224
867171
276574
668207
309856
259145
548390
619147
594210
761685
455824
379703
309098
524533
772664
227515
169663
481954
15901
180597
656861
371669
556922
453494
574221
438242
961915
525525
114828
937979
759299
946660
998230
421557
11576
229810
64960
317730
445774
98301
767501
296037
774740
69982
553746
567367
131286
280573
578676
883288
145909
807309
640333
682993
514712
706801
641053
428003
994994
793805
252719
133110
583163
235018
300406
326980
830600
645896
146372
698422
23417
449742
832396
590047
825354
311384
24811
878154
232686
749996
407269
70396
325102
333075
815766
689440
174563
496603
611941
391829
270776
543117
283285
970551
473080
659093
968172
81002
664044
960742
663394
231161
539460
992599
812600
858789
906667
395991
613851
46534
444726
385844
718646
521030
751807
916028
423786
392000
260914
187327
715736
128576
601420
631714
820169
641209
514520
383923
243555
15405
925920
267505
898791
175197
921127
699740
268738
860352
349314
632681
269575
731041
376730
829230
852770
953683
498110
209030
278640
716971
34665
18298
882005
238121
512599
672869
471048
642778
602614
654206
13854
812988
601228
691776
650284
413979
135035
832792
970681
707063
350872
209941
560949
86396
907249
233160
842612
886580
828654
917913
452206
431315
780884
94036
895024
955526
617172
70239
30379
497597
487104
729228
396673
212521
226792
255716
434958
60055
68210
41781
221999
714549
54984
400073
781452
859094
447368
254708
653166
240808
151851
75675
623917
384219
965022
812030
584118
981356
462874
876742
927391
758785
978324
890775
328402
108479
859995
371093
813740
627319
482330
367593
657623
6323
62772
926357
448278
168126
29382
54822
726565
491352
230905
515892
696236
730956
821214
764139
969889
10753
593885
433745
767411
497861
714060
354189
668874
421100
365148
614235
890271
660153
543463
285654
403609
448253
788033
966029
297449
416773
89993
548034
402370
867149
478307
133077
786454
982248
563459
969972
462935
493401
552000
437058
951547
978233
90594
46953
713440
980472
249954
646358
581589
212438
935952
166713
198302
21
351619
675359
650530
790761
37950
438311
533518
549623
423917
645438
532605
970892
365811
582897
961000
94806
620428
616560
446599
365448
618775
546414
807643
735582
126829
763429
421507
449048
987123
682928
61021
585192
271183
692317
265096
766954
524014
692827
909013
369428
273890
625474
794526
343660
145790
912184
784848
363697
44966
840428
428842
811266
672940
547129
520635
342288
954181
207353
18218
189041
763663
85606
609806
583667
403109
924807
568019
281365
802977
265902
175486
195519
227288
265943
872982
409531
368933
655592
192942
925572
734910
274613
44125
344173
209838
217595
649037
313189
939384
783513
612645
8208
78041
873148
306751
913180
629737
238281
597489
472667
795183
421355
817766
409376
418504
58247
773513
261697
81567
753667
398811
46280
166794
58550
241983
918910
32541
630297
744666
387877
107333
34687
496999
977227
894291
588158
806342
352746
142191
11717
533177
747187
811793
112484
341779
923918
277661
827718
203016
22080
828093
548520
385790
66664
816401
804454
540140
124631
250879
767802
295862
991114
88544
465296
180049
150099
478310
16508
861745
768929
796874
812266
981758
743668
433949
803194
245733
226431
7101
902585
734714
504523
593025
13638
1124
442058
203270
782351
598296
207836
953933
548726
977404
896501
389077
226760
81762
745433
837574
80809
572476
334384
690607
756540
681489
543147
486138
135541
904795
874705
180398
401734
184314
714261
986247
895472
92477
662929
607658
754188
983546
503402
144076
410225
535572
100124
325329
76163
128329
951822
753957
412114
894631
206462
967581
847837
762147
851055
625208
434588
114525
634280
817976
241124
979198
943648
762784
578421
778445
408091
130831
463984
225701
369120
389978
550678
632218
216832
831492
195496
159520
892451
917300
618957
148001
265899
614855
132928
920135
665486
247285
367377
410097
418001
309852
1447
491255
597403
759300
527088
489535
19202
555919
6616
958499
848759
896884
339238
246212
922
684230
948405
849914
52178
267553
241393
289044
433006
471714
322769
428823
390605
967729
165050
10192
901514
133769
392713
216786
496640
220119
988696
945806
436720
600703
957464
948136
844865
218460
575407
708323
454049
123172
176369
735668
554162
951944
443730
8219
801571
60487
915561
383707
321194
261486
963840
336544
294693
523775
741242
280586
342684
391153
844609
839033
13562
593652
229820
642137
512125
197463
28566
11480
751574
460888
134156
63265
941865
974865
164392
732663
473680
288831
372156
701305
857011
114485
783932
156311
781212
39366
848626
689980
885854
245783
592154
294013
824951
554431
125187
914951
604175
671457
110131
330367
553299
151713
945049
226602
15533
957450
358729
164589
536404
884807
597775
982915
848143
561349
856378
806231
18367
967699
631023
417426
537035
585899
853381
272161
756036
268909
585774
531764
760501
555235
778985
336101
50769
742959
909403
244621
757355
90950
126377
600570
296132
249324
743110
245293
699181
729673
925120
798425
256757
974148
104357
769587
2974
16597
431812
298769
639698
246127
930160
826956
149902
517961
810254
953150
86162
488930
834553
39297
96108
275411
458609
895321
818267
78937
469924
118216
463434
169029
890242
144596
916978
486000
495793
898334
414897
344937
686917
947445
278071
986391
214984
66874
144414
155006
81642
318749
655594
521454
966205
110704
165089
115915
659569
894740
981611
773189
818191
253885
42094
385747
573719
968061
205051
205755
596133
436613
542440
96354
715290
782943
924768
559869
798396
640246
819405
174734
105969
49221
915069
653106
31799
901247
302616
393947
1429
263894
652590
622079
418120
118572
571179
438963
480791
220953
924570
354471
587773
494531
816066
603681
992727
549506
776422
88201
313777
288193
705972
102235
881249
179646
652804
97827
25659
521905
124601
195489
175072
430845
753322
237819
624374
620786
175162
594026
139192
377138
414623
409439
312558
92074
821472
29508
213820
779480
687961
595091
101877
715081
397264
9877
263197
840971
107015
286457
208655
629379
627797
362780
931121
563018
338729
607772
741459
761894
80563
973013
664490
187768
844235
160635
38936
799039
697987
291048
122334
555129
60252
144613
283849
751607
176509
309944
175238
396484
94426
213599
255393
94601
256711
817069
325755
865694
49986
150473
534479
973367
51744
137567
465547
110434
613850
833203
599646
188295
391681
961324
979953
577060
907092
361239
219521
68928
829854
402247
105725
217656
831621
8910
180518
854113
23764
361613
236228
572300
239620
223430
225439
964807
539017
357326
21527
549787
723702
75829
543437
693124
329916
508404
899797
626939
264223
943221
506496
365099
665887
37136
985701
788480
144236
884664
49789
278440
570177
867620
843971
893397
223085
895620
828701
114625
182294
199241
17091
37721
834895
600740
26343
673570
160824
853361
181479
453275
75350
869127
219313
426692
582877
892985
592312
80756
326187
235997
186780
711123
831660
512910
269913
724181
172175
418390
433573
767498
772983
145013
86859
141803
413678
427360
356138
554152
414645
667348
668798
690400
312322
501584
958946
502263
694955
749743
55878
206729
422544
678167
243346
810507
273755
781432
421583
633005
362320
935043
739955
926238
906372
882932
339658
622973
528647
793774
659170
49434
255835
70242
333492
669118
913265
723303
807392
268239
539455
660324
107383
773358
278691
392135
485681
37599
55670
371601
326664
242629
565806
673139
973421
92054
11974
152233
521591
74754
6481
153849
454849
557655
97706
886964
395581
769428
758847
807964
304020
797338
161936
291146
803135
410060
745767
114747
767752
16108
803331
941910
705812
588784
407107
338265
309673
133655
912478
753234
606185
545193
8499
166893
488450
364726
279549
109915
89152
779910
636541
974303
32301
732882
265373
691247
613897
259957
215451
126243
428640
712304
36360
460195
125240
981442
637882
722342
958540
793469
829986
928368
127624
778937
671648
580627
898844
74246
183378
857090
37710
568691
899061
573561
628710
842595
607219
301271
610155
114533
333613
46314
57784
143649
585688
927911
669663
712545
360315
641612
4950
789321
810499
853141
323593
166944
976123
805903
516718
293779
501827
623290
96719
472178
571002
903404
341255
717637
748980
652420
402858
255937
410582
71420
219342
609087
909623
415208
380466
307264
991776
314552
919112
330333
5264
808962
116425
419470
93162
124353
214681
845786
662705
230201
66994
174333
694982
49080
695493
500348
196615
69913
8899
796002
267452
724566
972413
125583
96567
521121
974456
480158
968950
915155
344641
695426
149946
222917
289432
814303
915006
757034
374721
476057
339991
173345
301069
281706
117196
980520
193723
769270
85617
96035
208839
946258
881642
998411
453375
880066
763900
744071
545201
27023
19247
41919
779652
323264
720788
679807
413399
978432
825549
704160
641087
552253
239012
428183
873458
889531
525690
511016
275405
346327
103596
165740
977040
316194
593991
547399
278027
960134
452757
424923
253762
397091
497031
501557
342781
863475
123134
834617
919745
878744
245952
898918
334453
119768
973403
570346
966982
578884
443338
26010
881038
483642
966447
133340
527234
754834
889341
147980
400427
299368
130635
733143
939372
112770
310296
548677
776532
934425
983260
865166
996194
635990
585154
866839
223265
847840
120720
768059
581094
301380
879102
55216
225798
891162
304458
671397
667186
610335
298113
168093
327606
643342
479398
747311
39045
165769
546078
223175
705476
98350
202720
816947
48343
714277
222221
409046
13021
612020
758315
974849
38404
189321
848426
486134
193264
205870
241792
174670
344528
476144
169749
411076
205055
563014
816187
590565
245497
802614
431502
688900
299056
265716
823998
729277
875670
680076
629122
72260
781365
494504
427429
724790
705506
749188
736131
266787
33667
316127
414562
620219
507383
912849
535712
367099
947988
518441
67552
2283
476974
208774
402867
177380
376874
889264
361187
753318
537065
791543
331996
587452
631997
638796
107478
883797
703072
312300
302473
531932
716958
136903
898709
771782
95724
906016
82543
913354
443167
574638
510331
264756
339278
349933
327929
68397
917938
318564
114719
888093
872378
182262
522643
509288
992578
49913
541953
684263
565255
203977
849919
18055
205269
434719
736438
344842
915210
464599
465061
434206
753623
594021
795910
577371
873644
808518
259985
210712
468479
415673
761186
855151
614863
50514
623330
78760
751353
23266
846451
110416
60798
108110
557715
417150
683928
222234
731203
678868
794527
681903
674645
904411
87471
399103
320765
83076
864581
958932
915599
329645
884858
313400
717729
72792
926713
519684
871488
353671
141430
705286
710168
372857
389338
297653
45895
533370
813388
484393
631630
297971
893114
935110
958507
536860
589460
45578
865265
366905
975601
127556
201936
384042
415105
820980
341283
592435
833315
275770
71904
942237
131311
189270
15711
849982
511995
737522
62511
761099
268002
930572
500841
619467
539938
18912
530717
137656
986759
284481
558110
691545
444497
856495
310470
534044
79578
437501
952295
700842
371097
212675
844907
540736
193334
904126
9573
704769
176309
482957
237729
944617
453652
943394
91360
494806
196045
273865
894338
611900
415779
207559
617481
10293
984786
912581
908231
650953
454236
808959
871724
397520
916342
687393
191033
771613
71685
557789
923330
204225
657129
361975
46273
150990
626540
836251
762568
853
983054
256595
623168
756891
447100
913939
953570
237546
933186
792643
781758
834337
153229
931978
573855
905275
625463
138068
972636
857539
903385
364437
941073
881761
318456
451533
206338
26252
280603
412692
460204
833537
397398
60934
30137
781133
425488
893125
563824
900698
599225
992598
440627
183949
903906
638686
451046
197373
407756
804671
438912
985722
284217
182191
297434
264659
170960
891089
46481
11560
889223
677444
862597
536011
743524
192863
907667
395753
699613
502657
277502
579779
667722
824128
990657
907512
921109
324422
156215
88478
190150
175366
847818
951862
401073
184219
627884
816859
811559
275963
966391
398895
539075
792950
531671
937024
926683
73735
437884
641415
388623
533867
489430
772789
134172
586905
62415
476825
650883
596179
387935
419647
643865
992654
640456
49394
345942
759567
337323
603225
412403
988982
276929
965963
724660
4223
643071
847390
355759
474952
19435
680204
859093
504847
208210
320164
232382
346886
848802
614303
420352
666445
654891
55431
992698
31129
209416
238296
293385
938873
676928
886112
150665
190865
112435
295188
170221
410419
768151
378861
942683
678225
657378
961956
909001
969529
873581
72434
190706
428271
891907
368479
803841
713569
74068
655982
508465
997554
24392
829594
349393
225723
719761
176627
447962
479550
688182
263118
4640
116815
265381
947394
44352
58611
364728
403848
558368
511922
681849
106440
444981
682834
30842
434200
430135
934306
600572
971325
316678
96861
37793
680380
989388
952589
93388
203806
893998
414411
74727
922692
233641
588334
782336
705155
73074
64761
65081
302050
346460
240994
181150
317138
705178
553859
104179
57655
124835
171351
759627
407843
496538
252566
53538
902389
509237
935676
836436
719596
355991
970654
232500
883973
165709
287151
485768
710140
633808
784551
106126
957906
978134
294892
876807
866015
242846
146229
61859
746637
826275
923537
541469
387400
494458
552600
764382
707730
72855
647628
306723
506968
961449
154195
793767
154568
888512
85200
869939
389446
932589
837582
342054
303318
417641
347247
984716
669490
290381
271248
507752
391556
508055
722621
786427
370650
634323
880693
223711
793229
157514
921931
540569
974482
904882
945382
748825
546549
630554
26473
531560
530463
442903
774809
359034
678635
912844
726421
652989
338906
997232
843694
670148
645007
217651
716956
913483
422605
398701
609537
209081
440731
236052
632493
382580
744459
204256
674163
416228
663030
287287
402564
355083
938876
577964
944841
469913
135795
141876
582430
437207
447785
316705
61559
87422
941402
776723
906853
853968
970675
769603
32687
256971
511687
830773
498034
645929
564601
79741
135290
191304
408842
578631
276453
196867
590971
857052
4394
85825
419907
515555
868677
210927
69910
999936
924691
755865
421157
629398
710943
182756
300515
867535
290668
580925
706089
755374
238319
30435
144150
216815
879365
283647
472418
792740
665154
239606
151235
931029
717486
427842
871806
383968
891362
22256
26937
410369
385890
172140
88866
802225
444001
467438
478289
846070
883586
958587
765250
821605
59328
42424
100033
164747
938522
663559
671403
546180
725914
122575
190762
328832
7468
83554
9801
657973
180958
207669
247386
944746
810282
259169
98555
244303
980323
587902
903750
734966
325458
34032
169039
219419
970353
16278
529564
726197
998580
926881
751570
935415
129969
501769
940203
384137
577689
489084
625728
731148
43473
918413
464293
768026
149430
831256
5991
434682
487927
655164
655542
753394
752462
75322
571333
134128
954879
336347
670483
144220
239658
469902
636632
346342
371106
107377
579056
822355
185212
735621
251372
213087
150597
782680
786441
785151
380640
486544
841440
906052
341589
817672
608185
412039
265945
121422
333433
760832
261166
700894
804063
473589
565735
425745
41130
21184
431945
853739
453352
432669
738323
636734
628913
745522
115827
329721
704429
765815
310515
805372
130238
731461
937399
380473
717916
595338
445664
981295
646229
680703
923836
839704
215189
276155
626397
379402
476136
107449
244685
417062
725381
435851
664181
168753
910463
996553
290943
189668
645999
485113
249768
51545
817161
329246
874818
841452
465873
135523
50632
23181
313801
600172
817506
245541
643428
474326
612826
862112
956897
57559
767148
272278
796298
195689
960024
783462
374880
305281
533204
652083
365468
923514
319608
47276
248406
969835
265852
769582
477612
954574
501610
841313
384173
322171
823291
664248
291923
670460
90142
40337
602043
948303
534309
53417
419652
668104
807103
374824
13286
327509
8792
96044
188762
951170
314495
721472
102914
209158
541730
528882
396333
949042
117116
371514
624811
967237
864035
155104
489672
85942
496164
795232
43580
355442
742698
779848
192670
809120
838217
496165
865343
2911
614385
152734
269560
440061
637771
74415
500477
503200
585896
204468
17788
49225
9003
192150
946648
733430
563384
956281
785406
652565
825414
383823
370968
453463
110673
538578
963373
772827
485089
219086
31740
379933
139394
923949
491424
776604
884307
775772
81669
934018
838817
989339
731002
261164
788280
865331
295553
674317
761240
728803
232647
148879
23995
829226
594184
420549
117597
940625
864784
675572
891338
23874
275481
312982
418819
735474
554507
274539
213601
924632
46822
897952
113279
313134
952215
959387
894434
927469
568657
61182
548853
550528
340418
598176
882061
922199
62014
143152
229089
846953
363887
728857
886424
171346
735566
191971
624759
678068
633184
298629
55077
235691
455200
835058
765340
106149
869961
903183
245333
852361
62315
391576
457956
600358
80250
151838
362458
198266
965607
838835
102010
318935
939092
480087
49805
335870
696633
176707
163832
632396
854138
633533
97180
746167
332252
62074
358800
339257
348049
329959
626936
476426
67705
348035
500361
323168
425579
166772
913409
838218
938635
218475
754184
679658
545923
323472
32853
762014
3020
988284
118780
850263
942943
434273
420710
79888
663892
469077
737259
194755
60262
356738
870788
775630
946738
625023
667806
765623
412183
646126
346650
794521
385029
986653
949773
562326
593255
373167
686832
434434
276888
183988
890620
453516
541257
126591
219713
694488
681075
974697
122714
474522
874374
878806
707405
888455
455764
476510
376921
693390
266332
525843
31044
853074
40949
242863
95240
85864
1548
897869
555446
42016
278873
809881
45269
276339
738658
665883
604131
792864
27803
760188
575663
655142
494883
194835
30928
534676
226530
689655
142047
496644
494426
191089
878893
662169
342078
714726
334816
921028
686855
37173
213081
620546
267072
266025
180891
370048
580375
104523
515033
688778
466862
46173
878204
171418
796427
431481
902113
289197
819105
235497
724194
535780
674358
707818
134910
723674
414417
150742
950218
659955
803049
535455
739409
776588
828568
433090
49723
351159
385103
902356
394108
853077
66477
288506
426306
443790
179893
781986
335474
801891
719704
524196
908727
378479
11923
338143
850611
142237
399148
996898
312195
708843
436575
670045
841734
200980
588722
669545
78110
232307
737328
703424
828068
541777
93520
515274
508611
487699
572502
804287
784314
167699
286769
645884
134354
884742
536698
189873
297637
218271
937582
603411
651359
967681
228856
279092
527843
370654
829735
43017
174873
3180
984238
659318
505276
797340
504639
515605
460274
791528
994534
516586
205625
889169
931984
964313
351092
208808
686829
84649
295881
226245
350934
557198
615989